{"Unnamed: 0":{"0":0.0,"1":1.0,"2":2.0,"3":3.0,"4":4.0,"5":5.0,"6":6.0,"7":7.0,"8":8.0,"9":9.0,"10":10.0,"11":11.0,"12":12.0,"13":13.0,"14":14.0,"15":15.0,"16":16.0,"17":17.0,"18":18.0,"19":19.0,"20":20.0,"21":21.0,"22":22.0,"23":23.0,"24":24.0,"25":25.0,"26":26.0,"27":27.0,"28":28.0,"29":29.0,"30":30.0,"31":31.0,"32":32.0,"33":33.0,"34":34.0,"35":35.0,"36":36.0,"37":37.0,"38":38.0,"39":39.0,"40":null,"41":null,"42":null,"43":null,"44":null,"45":null,"46":null,"47":null,"48":null,"49":null,"50":null,"51":null,"52":null,"53":null,"54":null,"55":null,"56":null,"57":null,"58":null,"59":null,"60":null,"61":null,"62":null,"63":null,"64":null,"65":null,"66":null,"67":null,"68":null,"69":null,"70":null,"71":null,"72":null,"73":null,"74":null,"75":null,"76":null,"77":null,"78":null,"79":null,"80":null,"81":null,"82":null,"83":null,"84":null,"85":null,"86":null,"87":null,"88":null,"89":null,"90":null,"91":null,"92":null,"93":null,"94":null,"95":null,"96":null,"97":null,"98":null,"99":null,"100":null,"101":null,"102":null,"103":null,"104":null,"105":null,"106":null,"107":null,"108":null,"109":null,"110":null,"111":null,"112":null,"113":null,"114":null,"115":null,"116":null,"117":null,"118":null,"119":null,"120":null,"121":null,"122":null,"123":null,"124":null,"125":null,"126":null,"127":null,"128":null,"129":null,"130":null,"131":null,"132":null,"133":null,"134":null,"135":null,"136":null,"137":null,"138":null,"139":null,"140":null,"141":null,"142":null,"143":null,"144":null,"145":null,"146":null,"147":null,"148":null,"149":null,"150":null,"151":null,"152":null,"153":null,"154":null,"155":null,"156":null,"157":null,"158":null,"159":null},"game_name":{"0":"Minecraft","1":"Minecraft","2":"Minecraft","3":"Minecraft","4":"Minecraft","5":"Minecraft","6":"Minecraft","7":"Minecraft","8":"Minecraft","9":"Minecraft","10":"CSGO","11":"CSGO","12":"CSGO","13":"CSGO","14":"CSGO","15":"CSGO","16":"CSGO","17":"CSGO","18":"CSGO","19":"CSGO","20":"Apex","21":"Apex","22":"Apex","23":"Apex","24":"Apex","25":"Apex","26":"Apex","27":"Apex","28":"Apex","29":"Apex","30":"Hearthstone","31":"Hearthstone","32":"Hearthstone","33":"Hearthstone","34":"Hearthstone","35":"Hearthstone","36":"Hearthstone","37":"Hearthstone","38":"Hearthstone","39":"Hearthstone","40":"Minecraft","41":"Minecraft","42":"Minecraft","43":"Minecraft","44":"Minecraft","45":"Minecraft","46":"Minecraft","47":"Minecraft","48":"Minecraft","49":"Minecraft","50":"CSGO","51":"CSGO","52":"CSGO","53":"CSGO","54":"CSGO","55":"CSGO","56":"CSGO","57":"CSGO","58":"CSGO","59":"CSGO","60":"Apex","61":"Apex","62":"Apex","63":"Apex","64":"Apex","65":"Apex","66":"Apex","67":"Apex","68":"Apex","69":"Apex","70":"Hearthstone","71":"Hearthstone","72":"Hearthstone","73":"Hearthstone","74":"Hearthstone","75":"Hearthstone","76":"Hearthstone","77":"Hearthstone","78":"Hearthstone","79":"Hearthstone","80":"Minecraft","81":"Minecraft","82":"Minecraft","83":"Minecraft","84":"Minecraft","85":"Minecraft","86":"Minecraft","87":"Minecraft","88":"Minecraft","89":"Minecraft","90":"CSGO","91":"CSGO","92":"CSGO","93":"CSGO","94":"CSGO","95":"CSGO","96":"CSGO","97":"CSGO","98":"CSGO","99":"CSGO","100":"Apex","101":"Apex","102":"Apex","103":"Apex","104":"Apex","105":"Apex","106":"Apex","107":"Apex","108":"Apex","109":"Apex","110":"Hearthstone","111":"Hearthstone","112":"Hearthstone","113":"Hearthstone","114":"Hearthstone","115":"Hearthstone","116":"Hearthstone","117":"Hearthstone","118":"Hearthstone","119":"Hearthstone","120":"Minecraft","121":"Minecraft","122":"Minecraft","123":"Minecraft","124":"Minecraft","125":"Minecraft","126":"Minecraft","127":"Minecraft","128":"Minecraft","129":"Minecraft","130":"CSGO","131":"CSGO","132":"CSGO","133":"CSGO","134":"CSGO","135":"CSGO","136":"CSGO","137":"CSGO","138":"CSGO","139":"CSGO","140":"Apex","141":"Apex","142":"Apex","143":"Apex","144":"Apex","145":"Apex","146":"Apex","147":"Apex","148":"Apex","149":"Apex","150":"Hearthstone","151":"Hearthstone","152":"Hearthstone","153":"Hearthstone","154":"Hearthstone","155":"Hearthstone","156":"Hearthstone","157":"Hearthstone","158":"Hearthstone","159":"Hearthstone"},"game_params":{"0":"{'window_names': ['Minecraft Launcher', 'Minecraft 1.18.1'], 'move_time': 0.0, 'kill_mode': 'keyboard'}","1":"{'window_names': ['Minecraft Launcher', 'Minecraft 1.18.1'], 'move_time': 0.0, 'kill_mode': 'keyboard'}","2":"{'window_names': ['Minecraft Launcher', 'Minecraft 1.18.1'], 'move_time': 0.0, 'kill_mode': 'keyboard'}","3":"{'window_names': ['Minecraft Launcher', 'Minecraft 1.18.1'], 'move_time': 0.0, 'kill_mode': 'keyboard'}","4":"{'window_names': ['Minecraft Launcher', 'Minecraft 1.18.1'], 'move_time': 0.0, 'kill_mode': 'keyboard'}","5":"{'window_names': ['Minecraft Launcher', 'Minecraft 1.18.1'], 'move_time': 0.0, 'kill_mode': 'keyboard'}","6":"{'window_names': ['Minecraft Launcher', 'Minecraft 1.18.1'], 'move_time': 0.0, 'kill_mode': 'keyboard'}","7":"{'window_names': ['Minecraft Launcher', 'Minecraft 1.18.1'], 'move_time': 0.0, 'kill_mode': 'keyboard'}","8":"{'window_names': ['Minecraft Launcher', 'Minecraft 1.18.1'], 'move_time': 0.0, 'kill_mode': 'keyboard'}","9":"{'window_names': ['Minecraft Launcher', 'Minecraft 1.18.1'], 'move_time': 0.0, 'kill_mode': 'keyboard'}","10":"{'process_name': ['csgo.exe'], 'move_time': 0.5, 'kill_mode': 'os', 'window_names': ['Counter-Strike: Global Offensive']}","11":"{'process_name': ['csgo.exe'], 'move_time': 0.5, 'kill_mode': 'os', 'window_names': ['Counter-Strike: Global Offensive']}","12":"{'process_name': ['csgo.exe'], 'move_time': 0.5, 'kill_mode': 'os', 'window_names': ['Counter-Strike: Global Offensive']}","13":"{'process_name': ['csgo.exe'], 'move_time': 0.5, 'kill_mode': 'os', 'window_names': ['Counter-Strike: Global Offensive']}","14":"{'process_name': ['csgo.exe'], 'move_time': 0.5, 'kill_mode': 'os', 'window_names': ['Counter-Strike: Global Offensive']}","15":"{'process_name': ['csgo.exe'], 'move_time': 0.5, 'kill_mode': 'os', 'window_names': ['Counter-Strike: Global Offensive']}","16":"{'process_name': ['csgo.exe'], 'move_time': 0.5, 'kill_mode': 'os', 'window_names': ['Counter-Strike: Global Offensive']}","17":"{'process_name': ['csgo.exe'], 'move_time': 0.5, 'kill_mode': 'os', 'window_names': ['Counter-Strike: Global Offensive']}","18":"{'process_name': ['csgo.exe'], 'move_time': 0.5, 'kill_mode': 'os', 'window_names': ['Counter-Strike: Global Offensive']}","19":"{'process_name': ['csgo.exe'], 'move_time': 0.5, 'kill_mode': 'os', 'window_names': ['Counter-Strike: Global Offensive']}","20":"{'move_time': 0.0, 'kill_mode': 'keyboard', 'window_names': ['Apex Legends']}","21":"{'move_time': 0.0, 'kill_mode': 'keyboard', 'window_names': ['Apex Legends']}","22":"{'move_time': 0.0, 'kill_mode': 'keyboard', 'window_names': ['Apex Legends']}","23":"{'move_time': 0.0, 'kill_mode': 'keyboard', 'window_names': ['Apex Legends']}","24":"{'move_time': 0.0, 'kill_mode': 'keyboard', 'window_names': ['Apex Legends']}","25":"{'move_time': 0.0, 'kill_mode': 'keyboard', 'window_names': ['Apex Legends']}","26":"{'move_time': 0.0, 'kill_mode': 'keyboard', 'window_names': ['Apex Legends']}","27":"{'move_time': 0.0, 'kill_mode': 'keyboard', 'window_names': ['Apex Legends']}","28":"{'move_time': 0.0, 'kill_mode': 'keyboard', 'window_names': ['Apex Legends']}","29":"{'move_time': 0.0, 'kill_mode': 'keyboard', 'window_names': ['Apex Legends']}","30":"{'move_time': 0.0, 'kill_mode': 'os', 'process_name': ['Hearth', 'Battle'], 'window_names': ['Battle.net', 'Hearthstone']}","31":"{'move_time': 0.0, 'kill_mode': 'os', 'process_name': ['Hearth', 'Battle'], 'window_names': ['Battle.net', 'Hearthstone']}","32":"{'move_time': 0.0, 'kill_mode': 'os', 'process_name': ['Hearth', 'Battle'], 'window_names': ['Battle.net', 'Hearthstone']}","33":"{'move_time': 0.0, 'kill_mode': 'os', 'process_name': ['Hearth', 'Battle'], 'window_names': ['Battle.net', 'Hearthstone']}","34":"{'move_time': 0.0, 'kill_mode': 'os', 'process_name': ['Hearth', 'Battle'], 'window_names': ['Battle.net', 'Hearthstone']}","35":"{'move_time': 0.0, 'kill_mode': 'os', 'process_name': ['Hearth', 'Battle'], 'window_names': ['Battle.net', 'Hearthstone']}","36":"{'move_time': 0.0, 'kill_mode': 'os', 'process_name': ['Hearth', 'Battle'], 'window_names': ['Battle.net', 'Hearthstone']}","37":"{'move_time': 0.0, 'kill_mode': 'os', 'process_name': ['Hearth', 'Battle'], 'window_names': ['Battle.net', 'Hearthstone']}","38":"{'move_time': 0.0, 'kill_mode': 'os', 'process_name': ['Hearth', 'Battle'], 'window_names': ['Battle.net', 'Hearthstone']}","39":"{'move_time': 0.0, 'kill_mode': 'os', 'process_name': ['Hearth', 'Battle'], 'window_names': ['Battle.net', 'Hearthstone']}","40":{"window_names":["Minecraft Launcher","Minecraft 1.18.1"],"move_time":0.0,"kill_mode":"keyboard"},"41":{"window_names":["Minecraft Launcher","Minecraft 1.18.1"],"move_time":0.0,"kill_mode":"keyboard"},"42":{"window_names":["Minecraft Launcher","Minecraft 1.18.1"],"move_time":0.0,"kill_mode":"keyboard"},"43":{"window_names":["Minecraft Launcher","Minecraft 1.18.1"],"move_time":0.0,"kill_mode":"keyboard"},"44":{"window_names":["Minecraft Launcher","Minecraft 1.18.1"],"move_time":0.0,"kill_mode":"keyboard"},"45":{"window_names":["Minecraft Launcher","Minecraft 1.18.1"],"move_time":0.0,"kill_mode":"keyboard"},"46":{"window_names":["Minecraft Launcher","Minecraft 1.18.1"],"move_time":0.0,"kill_mode":"keyboard"},"47":{"window_names":["Minecraft Launcher","Minecraft 1.18.1"],"move_time":0.0,"kill_mode":"keyboard"},"48":{"window_names":["Minecraft Launcher","Minecraft 1.18.1"],"move_time":0.0,"kill_mode":"keyboard"},"49":{"window_names":["Minecraft Launcher","Minecraft 1.18.1"],"move_time":0.0,"kill_mode":"keyboard"},"50":{"process_name":["csgo.exe"],"move_time":0.5,"kill_mode":"os","window_names":["Counter-Strike: Global Offensive"]},"51":{"process_name":["csgo.exe"],"move_time":0.5,"kill_mode":"os","window_names":["Counter-Strike: Global Offensive"]},"52":{"process_name":["csgo.exe"],"move_time":0.5,"kill_mode":"os","window_names":["Counter-Strike: Global Offensive"]},"53":{"process_name":["csgo.exe"],"move_time":0.5,"kill_mode":"os","window_names":["Counter-Strike: Global Offensive"]},"54":{"process_name":["csgo.exe"],"move_time":0.5,"kill_mode":"os","window_names":["Counter-Strike: Global Offensive"]},"55":{"process_name":["csgo.exe"],"move_time":0.5,"kill_mode":"os","window_names":["Counter-Strike: Global Offensive"]},"56":{"process_name":["csgo.exe"],"move_time":0.5,"kill_mode":"os","window_names":["Counter-Strike: Global Offensive"]},"57":{"process_name":["csgo.exe"],"move_time":0.5,"kill_mode":"os","window_names":["Counter-Strike: Global Offensive"]},"58":{"process_name":["csgo.exe"],"move_time":0.5,"kill_mode":"os","window_names":["Counter-Strike: Global Offensive"]},"59":{"process_name":["csgo.exe"],"move_time":0.5,"kill_mode":"os","window_names":["Counter-Strike: Global Offensive"]},"60":{"move_time":0.0,"kill_mode":"keyboard","window_names":["Apex Legends"]},"61":{"move_time":0.0,"kill_mode":"keyboard","window_names":["Apex Legends"]},"62":{"move_time":0.0,"kill_mode":"keyboard","window_names":["Apex Legends"]},"63":{"move_time":0.0,"kill_mode":"keyboard","window_names":["Apex Legends"]},"64":{"move_time":0.0,"kill_mode":"keyboard","window_names":["Apex Legends"]},"65":{"move_time":0.0,"kill_mode":"keyboard","window_names":["Apex Legends"]},"66":{"move_time":0.0,"kill_mode":"keyboard","window_names":["Apex Legends"]},"67":{"move_time":0.0,"kill_mode":"keyboard","window_names":["Apex Legends"]},"68":{"move_time":0.0,"kill_mode":"keyboard","window_names":["Apex Legends"]},"69":{"move_time":0.0,"kill_mode":"keyboard","window_names":["Apex Legends"]},"70":{"move_time":0.0,"kill_mode":"os","process_name":["Hearth","Battle"],"window_names":["Battle.net","Hearthstone"]},"71":{"move_time":0.0,"kill_mode":"os","process_name":["Hearth","Battle"],"window_names":["Battle.net","Hearthstone"]},"72":{"move_time":0.0,"kill_mode":"os","process_name":["Hearth","Battle"],"window_names":["Battle.net","Hearthstone"]},"73":{"move_time":0.0,"kill_mode":"os","process_name":["Hearth","Battle"],"window_names":["Battle.net","Hearthstone"]},"74":{"move_time":0.0,"kill_mode":"os","process_name":["Hearth","Battle"],"window_names":["Battle.net","Hearthstone"]},"75":{"move_time":0.0,"kill_mode":"os","process_name":["Hearth","Battle"],"window_names":["Battle.net","Hearthstone"]},"76":{"move_time":0.0,"kill_mode":"os","process_name":["Hearth","Battle"],"window_names":["Battle.net","Hearthstone"]},"77":{"move_time":0.0,"kill_mode":"os","process_name":["Hearth","Battle"],"window_names":["Battle.net","Hearthstone"]},"78":{"move_time":0.0,"kill_mode":"os","process_name":["Hearth","Battle"],"window_names":["Battle.net","Hearthstone"]},"79":{"move_time":0.0,"kill_mode":"os","process_name":["Hearth","Battle"],"window_names":["Battle.net","Hearthstone"]},"80":{"window_names":["Minecraft Launcher","Minecraft 1.18.1"],"move_time":0.0,"kill_mode":"keyboard"},"81":{"window_names":["Minecraft Launcher","Minecraft 1.18.1"],"move_time":0.0,"kill_mode":"keyboard"},"82":{"window_names":["Minecraft Launcher","Minecraft 1.18.1"],"move_time":0.0,"kill_mode":"keyboard"},"83":{"window_names":["Minecraft Launcher","Minecraft 1.18.1"],"move_time":0.0,"kill_mode":"keyboard"},"84":{"window_names":["Minecraft Launcher","Minecraft 1.18.1"],"move_time":0.0,"kill_mode":"keyboard"},"85":{"window_names":["Minecraft Launcher","Minecraft 1.18.1"],"move_time":0.0,"kill_mode":"keyboard"},"86":{"window_names":["Minecraft Launcher","Minecraft 1.18.1"],"move_time":0.0,"kill_mode":"keyboard"},"87":{"window_names":["Minecraft Launcher","Minecraft 1.18.1"],"move_time":0.0,"kill_mode":"keyboard"},"88":{"window_names":["Minecraft Launcher","Minecraft 1.18.1"],"move_time":0.0,"kill_mode":"keyboard"},"89":{"window_names":["Minecraft Launcher","Minecraft 1.18.1"],"move_time":0.0,"kill_mode":"keyboard"},"90":{"process_name":["csgo.exe"],"move_time":0.5,"kill_mode":"os","window_names":["Counter-Strike: Global Offensive"]},"91":{"process_name":["csgo.exe"],"move_time":0.5,"kill_mode":"os","window_names":["Counter-Strike: Global Offensive"]},"92":{"process_name":["csgo.exe"],"move_time":0.5,"kill_mode":"os","window_names":["Counter-Strike: Global Offensive"]},"93":{"process_name":["csgo.exe"],"move_time":0.5,"kill_mode":"os","window_names":["Counter-Strike: Global Offensive"]},"94":{"process_name":["csgo.exe"],"move_time":0.5,"kill_mode":"os","window_names":["Counter-Strike: Global Offensive"]},"95":{"process_name":["csgo.exe"],"move_time":0.5,"kill_mode":"os","window_names":["Counter-Strike: Global Offensive"]},"96":{"process_name":["csgo.exe"],"move_time":0.5,"kill_mode":"os","window_names":["Counter-Strike: Global Offensive"]},"97":{"process_name":["csgo.exe"],"move_time":0.5,"kill_mode":"os","window_names":["Counter-Strike: Global Offensive"]},"98":{"process_name":["csgo.exe"],"move_time":0.5,"kill_mode":"os","window_names":["Counter-Strike: Global Offensive"]},"99":{"process_name":["csgo.exe"],"move_time":0.5,"kill_mode":"os","window_names":["Counter-Strike: Global Offensive"]},"100":{"move_time":0.0,"kill_mode":"keyboard","window_names":["Apex Legends"]},"101":{"move_time":0.0,"kill_mode":"keyboard","window_names":["Apex Legends"]},"102":{"move_time":0.0,"kill_mode":"keyboard","window_names":["Apex Legends"]},"103":{"move_time":0.0,"kill_mode":"keyboard","window_names":["Apex Legends"]},"104":{"move_time":0.0,"kill_mode":"keyboard","window_names":["Apex Legends"]},"105":{"move_time":0.0,"kill_mode":"keyboard","window_names":["Apex Legends"]},"106":{"move_time":0.0,"kill_mode":"keyboard","window_names":["Apex Legends"]},"107":{"move_time":0.0,"kill_mode":"keyboard","window_names":["Apex Legends"]},"108":{"move_time":0.0,"kill_mode":"keyboard","window_names":["Apex Legends"]},"109":{"move_time":0.0,"kill_mode":"keyboard","window_names":["Apex Legends"]},"110":{"move_time":0.0,"kill_mode":"os","process_name":["Hearth","Battle"],"window_names":["Battle.net","Hearthstone"]},"111":{"move_time":0.0,"kill_mode":"os","process_name":["Hearth","Battle"],"window_names":["Battle.net","Hearthstone"]},"112":{"move_time":0.0,"kill_mode":"os","process_name":["Hearth","Battle"],"window_names":["Battle.net","Hearthstone"]},"113":{"move_time":0.0,"kill_mode":"os","process_name":["Hearth","Battle"],"window_names":["Battle.net","Hearthstone"]},"114":{"move_time":0.0,"kill_mode":"os","process_name":["Hearth","Battle"],"window_names":["Battle.net","Hearthstone"]},"115":{"move_time":0.0,"kill_mode":"os","process_name":["Hearth","Battle"],"window_names":["Battle.net","Hearthstone"]},"116":{"move_time":0.0,"kill_mode":"os","process_name":["Hearth","Battle"],"window_names":["Battle.net","Hearthstone"]},"117":{"move_time":0.0,"kill_mode":"os","process_name":["Hearth","Battle"],"window_names":["Battle.net","Hearthstone"]},"118":{"move_time":0.0,"kill_mode":"os","process_name":["Hearth","Battle"],"window_names":["Battle.net","Hearthstone"]},"119":{"move_time":0.0,"kill_mode":"os","process_name":["Hearth","Battle"],"window_names":["Battle.net","Hearthstone"]},"120":{"window_names":["Minecraft Launcher","Minecraft 1.18.1"],"move_time":0.0,"kill_mode":"keyboard"},"121":{"window_names":["Minecraft Launcher","Minecraft 1.18.1"],"move_time":0.0,"kill_mode":"keyboard"},"122":{"window_names":["Minecraft Launcher","Minecraft 1.18.1"],"move_time":0.0,"kill_mode":"keyboard"},"123":{"window_names":["Minecraft Launcher","Minecraft 1.18.1"],"move_time":0.0,"kill_mode":"keyboard"},"124":{"window_names":["Minecraft Launcher","Minecraft 1.18.1"],"move_time":0.0,"kill_mode":"keyboard"},"125":{"window_names":["Minecraft Launcher","Minecraft 1.18.1"],"move_time":0.0,"kill_mode":"keyboard"},"126":{"window_names":["Minecraft Launcher","Minecraft 1.18.1"],"move_time":0.0,"kill_mode":"keyboard"},"127":{"window_names":["Minecraft Launcher","Minecraft 1.18.1"],"move_time":0.0,"kill_mode":"keyboard"},"128":{"window_names":["Minecraft Launcher","Minecraft 1.18.1"],"move_time":0.0,"kill_mode":"keyboard"},"129":{"window_names":["Minecraft Launcher","Minecraft 1.18.1"],"move_time":0.0,"kill_mode":"keyboard"},"130":{"process_name":["csgo.exe"],"move_time":0.5,"kill_mode":"os","window_names":["Counter-Strike: Global Offensive"]},"131":{"process_name":["csgo.exe"],"move_time":0.5,"kill_mode":"os","window_names":["Counter-Strike: Global Offensive"]},"132":{"process_name":["csgo.exe"],"move_time":0.5,"kill_mode":"os","window_names":["Counter-Strike: Global Offensive"]},"133":{"process_name":["csgo.exe"],"move_time":0.5,"kill_mode":"os","window_names":["Counter-Strike: Global Offensive"]},"134":{"process_name":["csgo.exe"],"move_time":0.5,"kill_mode":"os","window_names":["Counter-Strike: Global Offensive"]},"135":{"process_name":["csgo.exe"],"move_time":0.5,"kill_mode":"os","window_names":["Counter-Strike: Global Offensive"]},"136":{"process_name":["csgo.exe"],"move_time":0.5,"kill_mode":"os","window_names":["Counter-Strike: Global Offensive"]},"137":{"process_name":["csgo.exe"],"move_time":0.5,"kill_mode":"os","window_names":["Counter-Strike: Global Offensive"]},"138":{"process_name":["csgo.exe"],"move_time":0.5,"kill_mode":"os","window_names":["Counter-Strike: Global Offensive"]},"139":{"process_name":["csgo.exe"],"move_time":0.5,"kill_mode":"os","window_names":["Counter-Strike: Global Offensive"]},"140":{"move_time":0.0,"kill_mode":"keyboard","window_names":["Apex Legends"]},"141":{"move_time":0.0,"kill_mode":"keyboard","window_names":["Apex Legends"]},"142":{"move_time":0.0,"kill_mode":"keyboard","window_names":["Apex Legends"]},"143":{"move_time":0.0,"kill_mode":"keyboard","window_names":["Apex Legends"]},"144":{"move_time":0.0,"kill_mode":"keyboard","window_names":["Apex Legends"]},"145":{"move_time":0.0,"kill_mode":"keyboard","window_names":["Apex Legends"]},"146":{"move_time":0.0,"kill_mode":"keyboard","window_names":["Apex Legends"]},"147":{"move_time":0.0,"kill_mode":"keyboard","window_names":["Apex Legends"]},"148":{"move_time":0.0,"kill_mode":"keyboard","window_names":["Apex Legends"]},"149":{"move_time":0.0,"kill_mode":"keyboard","window_names":["Apex Legends"]},"150":{"move_time":0.0,"kill_mode":"os","process_name":["Hearth","Battle"],"window_names":["Battle.net","Hearthstone"]},"151":{"move_time":0.0,"kill_mode":"os","process_name":["Hearth","Battle"],"window_names":["Battle.net","Hearthstone"]},"152":{"move_time":0.0,"kill_mode":"os","process_name":["Hearth","Battle"],"window_names":["Battle.net","Hearthstone"]},"153":{"move_time":0.0,"kill_mode":"os","process_name":["Hearth","Battle"],"window_names":["Battle.net","Hearthstone"]},"154":{"move_time":0.0,"kill_mode":"os","process_name":["Hearth","Battle"],"window_names":["Battle.net","Hearthstone"]},"155":{"move_time":0.0,"kill_mode":"os","process_name":["Hearth","Battle"],"window_names":["Battle.net","Hearthstone"]},"156":{"move_time":0.0,"kill_mode":"os","process_name":["Hearth","Battle"],"window_names":["Battle.net","Hearthstone"]},"157":{"move_time":0.0,"kill_mode":"os","process_name":["Hearth","Battle"],"window_names":["Battle.net","Hearthstone"]},"158":{"move_time":0.0,"kill_mode":"os","process_name":["Hearth","Battle"],"window_names":["Battle.net","Hearthstone"]},"159":{"move_time":0.0,"kill_mode":"os","process_name":["Hearth","Battle"],"window_names":["Battle.net","Hearthstone"]}},"init_time":{"0":1639682673973,"1":1639682753592,"2":1639682825164,"3":1639682890943,"4":1639682965089,"5":1639683040130,"6":1639683108494,"7":1639683181030,"8":1639683250755,"9":1639683327143,"10":1639683396201,"11":1639683463997,"12":1639683532632,"13":1639683600347,"14":1639683669776,"15":1639683741880,"16":1639683806711,"17":1639683868242,"18":1639683935491,"19":1639683997657,"20":1639684064508,"21":1639684126132,"22":1639684187381,"23":1639684248675,"24":1639684310972,"25":1639684370888,"26":1639684432230,"27":1639684491328,"28":1639684551163,"29":1639684611176,"30":1639684672309,"31":1639684723040,"32":1639684767872,"33":1639691503442,"34":1639691549475,"35":1639691596407,"36":1639691641764,"37":1639691687990,"38":1639691976204,"39":1639692023206,"40":1639655346073,"41":1639655410406,"42":1639655470610,"43":1639655557716,"44":1639655620692,"45":1639655712097,"46":1639655771888,"47":1639655831979,"48":1639655916871,"49":1639656008517,"50":1639656067190,"51":1639656152744,"52":1639656223075,"53":1639656300592,"54":1639656376564,"55":1639656444607,"56":1639656510370,"57":1639656587547,"58":1639656666242,"59":1639656739775,"60":1639656814774,"61":1639656869334,"62":1639656924222,"63":1639656977126,"64":1639657028183,"65":1639657081025,"66":1639657132224,"67":1639657184148,"68":1639657236557,"69":1639657288512,"70":1639657340751,"71":1639657398416,"72":1639657445833,"73":1639657491724,"74":1639657537815,"75":1639657582607,"76":1639657627431,"77":1639657674761,"78":1639657722014,"79":1639657768013,"80":1639752338526,"81":1639752412199,"82":1639752482164,"83":1639752551157,"84":1639752622997,"85":1639752717675,"86":1639752788140,"87":1639752859045,"88":1639752928946,"89":1639752998961,"90":1639753071344,"91":1639753159077,"92":1639753237234,"93":1639753323149,"94":1639753405998,"95":1639753484269,"96":1639753567915,"97":1639753644997,"98":1639753721397,"99":1639753801595,"100":1639753879728,"101":1639753945083,"102":1639754011336,"103":1639754076614,"104":1639754142735,"105":1639754208712,"106":1639754274016,"107":1639754340013,"108":1639754406183,"109":1639754471428,"110":1639754539310,"111":1639754598661,"112":1639754665945,"113":1639754726478,"114":1639754793044,"115":1639754860460,"116":1639754921058,"117":1639754987392,"118":1639755053958,"119":1639755112523,"120":1639672889758,"121":1639672973171,"122":1639673054691,"123":1639673142020,"124":1639673231002,"125":1639673318501,"126":1639673403234,"127":1639673488128,"128":1639673567166,"129":1639673651732,"130":1639673740032,"131":1639673823096,"132":1639673905772,"133":1639673984299,"134":1639674062904,"135":1639674137958,"136":1639674220884,"137":1639674296062,"138":1639674367608,"139":1639674440414,"140":1639674517143,"141":1639674590152,"142":1639674659738,"143":1639674730277,"144":1639674800318,"145":1639674869283,"146":1639674939198,"147":1639675008682,"148":1639675078848,"149":1639675147783,"150":1639675217907,"151":1639675283510,"152":1639675339377,"153":1639675395127,"154":1639675453521,"155":1639675508808,"156":1639675565107,"157":1639675620773,"158":1639675678501,"159":1639675735631},"total_time":{"0":68.5954632759,"1":60.5361800194,"2":54.7900154591,"3":63.1304264069,"4":64.0628135204,"5":57.322483778,"6":61.5508277416,"7":58.5784175396,"8":65.3482308388,"9":57.9785208702,"10":54.6918728352,"11":55.482013464,"12":54.6943867207,"13":56.2976453304,"14":59.0281567574,"15":51.731372118,"16":48.3721618652,"17":54.1318142414,"18":49.0343773365,"19":53.8052816391,"20":50.6459708214,"21":50.2918763161,"22":50.3326656818,"23":51.3353283405,"24":48.9052200317,"25":50.3641448021,"26":48.1103875637,"27":48.8066687584,"28":49.0464110374,"29":50.1620864868,"30":37.7331674099,"31":31.8692245483,"32":35.3606243134,"33":32.8696577549,"34":33.7323284149,"35":32.1471867561,"36":33.0528986454,"37":32.9770028591,"38":33.7817351818,"39":32.7488563061,"40":52.9445645809,"41":48.970179081,"42":76.1607558727,"43":51.3053939342,"44":80.441485405,"45":48.538295269,"46":48.7032306194,"47":73.7939302921,"48":80.4259305,"49":47.5045220852,"50":68.2775142193,"51":53.7164859772,"52":61.1376731396,"53":59.1206891537,"54":52.0103108883,"55":49.4391210079,"56":60.7220249176,"57":62.5211091042,"58":56.9068815708,"59":58.4703643322,"60":43.5567958355,"61":43.8676514626,"62":41.9476120472,"63":40.0887458324,"64":41.8268578053,"65":40.2455155849,"66":40.8964312077,"67":41.4513485432,"68":40.9457890987,"69":41.2750360966,"70":43.8479478359,"71":33.653075695,"72":32.1614353657,"73":32.3413603306,"74":31.0292043686,"75":31.0581533909,"76":33.5724356174,"77":33.5525648594,"78":32.2444062233,"79":31.7204988003,"80":51.8498749733,"81":48.0665154457,"82":47.0997180939,"83":50.0523948669,"84":72.9389543533,"85":48.5634562969,"86":49.1649773121,"87":48.1660606861,"88":47.7345087528,"89":50.7438967228,"90":62.2637560368,"91":52.757922411,"92":60.6823768616,"93":57.5583219528,"94":52.8804762363,"95":58.4742333889,"96":51.9380068779,"97":51.2233247757,"98":54.6946744919,"99":52.753319025,"100":43.8833603859,"101":44.7487072945,"102":43.7855424881,"103":44.6109600067,"104":44.5101442337,"105":43.7668831348,"106":44.5267570019,"107":44.6467928886,"108":43.7859628201,"109":46.3855352402,"110":34.8754191399,"111":42.8279435635,"112":36.0504939556,"113":42.0650455952,"114":42.9380741119,"115":36.1454603672,"116":41.8698713779,"117":42.102118969,"118":34.0545301437,"119":34.6229274273,"120":61.8441081047,"121":59.9310083389,"122":65.8721115589,"123":67.484110117,"124":66.0338196754,"125":63.1675977707,"126":63.4432377815,"127":57.4382786751,"128":63.0652520657,"129":66.8250932693,"130":59.4780263901,"131":58.9989016056,"132":54.8947038651,"133":54.9670202732,"134":51.5416166782,"135":59.4348289967,"136":51.5662124157,"137":48.0284967422,"138":49.2083067894,"139":53.1701338291,"140":51.5410466194,"141":48.1226706505,"142":49.0495231152,"143":48.5163631439,"144":47.5045862198,"145":48.4175560474,"146":48.003428936,"147":48.6521875858,"148":47.4744331837,"149":48.6596155167,"150":42.1851446629,"151":32.4586310387,"152":32.347212553,"153":34.9952628613,"154":31.8991377354,"155":32.9140613079,"156":32.188754797,"157":34.3665764332,"158":33.6522769928,"159":33.1992282867},"times":{"0":"[0.2529258728027344, 3.918689727783203, 27.24597477912903, 28.091856479644775, 67.65271711349487]","1":"[0.2730550765991211, 3.2297065258026123, 20.9115571975708, 21.70753002166748, 59.55052351951599]","2":"[0.25284266471862793, 3.1547093391418457, 19.908445835113525, 20.66950249671936, 53.98242425918579]","3":"[0.2539710998535156, 3.131402015686035, 21.204834938049316, 21.991945505142212, 62.12529802322388]","4":"[0.289658784866333, 5.205118417739868, 23.183613300323486, 24.638155937194824, 63.264222383499146]","5":"[0.26368069648742676, 3.1981284618377686, 20.223447799682617, 20.94871473312378, 56.496421337127686]","6":"[0.2543222904205322, 3.1301815509796143, 21.311158657073975, 22.33311152458191, 60.582138538360596]","7":"[0.2702653408050537, 3.196237802505493, 20.55802059173584, 21.30547833442688, 57.79928970336914]","8":"[0.2688724994659424, 3.174374580383301, 21.803942680358887, 22.630309343338013, 63.67772340774536]","9":"[0.24983549118041992, 3.1145005226135254, 20.34768795967102, 21.1029052734375, 57.29763150215149]","10":"[0.2704033851623535, 21.313807249069214, 23.319732427597046, 24.602930068969727, 25.894336938858032, 51.52036380767822, 53.5796959400177]","11":"[0.2723114490509033, 21.265949487686157, 23.290202379226685, 24.573992490768433, 25.87259554862976, 52.27103304862976, 54.36734199523926]","12":"[0.28723740577697754, 21.34632968902588, 23.386282920837402, 24.67408776283264, 25.97872543334961, 48.03377890586853, 53.59177088737488]","13":"[0.270416259765625, 21.381804704666138, 23.385809421539307, 24.6576566696167, 25.948644876480103, 53.1192581653595, 55.1827187538147]","14":"[0.25744199752807617, 21.925148963928223, 23.928836822509766, 25.21107506752014, 26.499579429626465, 55.79823184013367, 57.929479360580444]","15":"[0.2536895275115967, 23.294774293899536, 25.338924646377563, 26.608065366744995, 27.91482377052307, 48.57715702056885, 50.620171785354614]","16":"[0.2874176502227783, 21.41375756263733, 23.406514644622803, 24.694087743759155, 25.98082661628723, 45.22230768203735, 47.27019286155701]","17":"[0.28925657272338867, 21.29877233505249, 23.323066234588623, 24.60242009162903, 25.88923931121826, 50.967044830322266, 53.02158808708191]","18":"[0.2393648624420166, 22.01392650604248, 24.00546145439148, 25.294374465942383, 26.58616805076599, 45.865230083465576, 47.922049045562744]","19":"[0.27364540100097656, 21.376408338546753, 23.397960424423218, 24.685176134109497, 25.974226713180542, 50.55271935462952, 52.70102119445801]","20":"[0.255643367767334, 28.63089919090271, 40.795408964157104, 42.416998624801636, 50.11139917373657]","21":"[0.24605679512023926, 28.042475938796997, 40.58073711395264, 42.18716025352478, 49.73124384880066]","22":"[0.2631418704986572, 27.199405193328857, 40.5044527053833, 42.11763644218445, 49.78284215927124]","23":"[0.2527594566345215, 26.69336175918579, 40.71396827697754, 42.30245065689087, 50.79130434989929]","24":"[0.2539236545562744, 26.505454301834106, 38.36094689369202, 39.913705348968506, 48.35706543922424]","25":"[0.271622896194458, 26.634579181671143, 39.7243971824646, 41.32368206977844, 49.84246873855591]","26":"[0.26172828674316406, 26.448081016540527, 38.220523834228516, 39.819522857666016, 47.56329560279846]","27":"[0.2631103992462158, 26.355589866638184, 39.76508855819702, 41.36461424827576, 48.28100371360779]","28":"[0.25937962532043457, 25.853037357330322, 38.46029829978943, 40.04517412185669, 48.50734543800354]","29":"[0.24650335311889648, 27.137781381607056, 40.382019996643066, 42.03360342979431, 49.62236213684082]","30":"[0.22850584983825684, 10.30288577079773, 27.436413288116455, 37.20787501335144]","31":"[0.26467132568359375, 6.941152811050415, 22.92130708694458, 31.3427095413208]","32":"[0.2473006248474121, 8.254918813705444, 26.340765953063965, 34.81672477722168]","33":"[0.24454665184020996, 7.597211837768555, 23.79096794128418, 32.338966369628906]","34":"[0.26154279708862305, 7.582937240600586, 24.676128149032593, 33.203585386276245]","35":"[0.24368619918823242, 6.9860780239105225, 23.151905298233032, 31.62658381462097]","36":"[0.24464654922485352, 6.939380645751953, 24.678726196289062, 32.526787757873535]","37":"[0.2515676021575928, 6.9827048778533936, 23.89760184288025, 32.45194125175476]","38":"[0.2568175792694092, 7.597670078277588, 24.642065286636353, 33.262094020843506]","39":"[0.2306835651397705, 6.85978889465332, 23.047174215316772, 32.22297549247742]","40":"[0.2612955570220947, 3.0270872116088867, 25.877057790756226, 27.26841163635254, 52.393516302108765]","41":"[0.22128653526306152, 2.9949541091918945, 25.38810133934021, 26.848928689956665, 48.3293662071228]","42":"[0.24219083786010742, 2.9308242797851562, 25.319728136062622, 26.00294280052185, 75.88199496269226]","43":"[0.21586394309997559, 2.9216816425323486, 24.94662833213806, 25.542598724365234, 50.472079038619995]","44":"[0.24609804153442383, 2.944303512573242, 25.11118459701538, 26.429215669631958, 80.1890823841095]","45":"[0.2505991458892822, 2.926461696624756, 25.88569164276123, 26.568901777267456, 47.96329855918884]","46":"[0.24033641815185547, 3.009228467941284, 25.096144914627075, 26.492883443832397, 48.13821506500244]","47":"[0.22814297676086426, 2.964787006378174, 22.931607723236084, 23.55262517929077, 73.42789268493652]","48":"[0.24518394470214844, 2.9827699661254883, 23.409964561462402, 23.975974321365356, 80.1102683544159]","49":"[0.22372698783874512, 2.936668634414673, 25.02317500114441, 26.366236925125122, 46.94947361946106]","50":"[0.25562071800231934, 28.531564950942993, 30.575902938842773, 31.752249717712402, 32.944212198257446, 65.2291316986084, 67.37938189506531]","51":"[0.2449781894683838, 22.01856017112732, 24.039242029190063, 25.195698499679565, 26.385032892227173, 50.6383171081543, 52.80791401863098]","52":"[0.2447984218597412, 22.091643810272217, 24.155203819274902, 25.319177627563477, 26.521751403808594, 58.181018352508545, 60.23949480056763]","53":"[0.24507522583007812, 22.043174266815186, 24.026785373687744, 25.182753324508667, 26.394695520401, 56.094765186309814, 58.212562799453735]","54":"[0.24941635131835938, 22.267385482788086, 24.283459186553955, 25.463606357574463, 26.667118310928345, 49.0407497882843, 51.10482883453369]","55":"[0.22269368171691895, 22.179842710494995, 24.23780632019043, 25.410056114196777, 26.540154457092285, 46.41838622093201, 48.53737163543701]","56":"[0.24582457542419434, 22.1615047454834, 24.186238050460815, 25.32930874824524, 26.52974581718445, 57.7475905418396, 59.81531381607056]","57":"[0.2455892562866211, 22.174147605895996, 24.23047375679016, 25.431705951690674, 26.612105131149292, 55.13144612312317, 61.60992884635925]","58":"[0.23972344398498535, 21.999186992645264, 23.9530131816864, 25.111067056655884, 26.288427352905273, 53.97303247451782, 55.99787783622742]","59":"[0.23211431503295898, 22.366938829421997, 24.39947485923767, 25.56680154800415, 26.754661560058594, 55.406150341033936, 57.56511998176575]","60":"[0.2410569190979004, 29.748318910598755, 37.45988655090332, 37.97737956047058, 43.31784772872925]","61":"[0.22298049926757812, 28.668689012527466, 37.048686504364014, 37.580254554748535, 43.62842321395874]","62":"[0.22027182579040527, 26.788159608840942, 35.099814891815186, 35.67489790916443, 41.71971344947815]","63":"[0.22012639045715332, 26.784912824630737, 34.144970178604126, 34.61523222923279, 39.862346172332764]","64":"[0.2389979362487793, 26.832860469818115, 35.11126923561096, 35.64334034919739, 41.59846806526184]","65":"[0.21383929252624512, 26.551913261413574, 34.1452796459198, 34.67773962020874, 40.0201199054718]","66":"[0.22354841232299805, 26.524644374847412, 34.881338357925415, 35.42111039161682, 40.67003870010376]","67":"[0.2387702465057373, 26.143353700637817, 34.649906873703, 35.172117710113525, 41.24059510231018]","68":"[0.23899245262145996, 26.964041709899902, 34.55054759979248, 35.02339148521423, 40.72186279296875]","69":"[0.2178647518157959, 26.92799401283264, 34.49219799041748, 35.019031286239624, 41.032007694244385]","70":"[0.2279045581817627, 10.362074851989746, 33.534687519073486, 43.62252879142761]","71":"[0.20100069046020508, 7.114959478378296, 24.316386699676514, 33.431533336639404]","72":"[0.2194221019744873, 7.264074325561523, 23.512815713882446, 31.93900179862976]","73":"[0.21306538581848145, 6.580655097961426, 22.959200143814087, 32.12690591812134]","74":"[0.23869109153747559, 6.703016996383667, 22.368412971496582, 30.810761213302612]","75":"[0.22810125350952148, 6.578510522842407, 22.428030967712402, 30.82856035232544]","76":"[0.20465707778930664, 7.235357284545898, 23.52195715904236, 33.35792422294617]","77":"[0.2075364589691162, 7.220463275909424, 24.13406729698181, 33.327167987823486]","78":"[0.20375466346740723, 6.4383745193481445, 22.845319271087646, 32.03330659866333]","79":"[0.22039794921875, 7.330888271331787, 23.063149452209473, 31.510056734085083]","80":"[0.252612829208374, 3.3458597660064697, 26.450994968414307, 27.265660285949707, 50.60614275932312]","81":"[0.26768016815185547, 3.2881739139556885, 24.163661241531372, 24.987801790237427, 46.87663745880127]","82":"[0.2610154151916504, 3.307849884033203, 23.552413940429688, 24.371915340423584, 45.96669292449951]","83":"[0.26128172874450684, 4.005817413330078, 26.064364671707153, 26.846181631088257, 48.85653352737427]","84":"[0.2755467891693115, 3.317103147506714, 23.667596578598022, 24.499605417251587, 72.08321022987366]","85":"[0.270216703414917, 3.3535611629486084, 25.671448469161987, 26.461150646209717, 47.468324184417725]","86":"[0.28423213958740234, 3.339555025100708, 24.02394199371338, 24.843998432159424, 47.53226065635681]","87":"[0.25902867317199707, 3.3032007217407227, 23.706828117370605, 25.28893542289734, 46.879932165145874]","88":"[0.2696819305419922, 3.3364720344543457, 24.310651302337646, 25.12244749069214, 46.46134948730469]","89":"[0.2587308883666992, 4.0601489543914795, 25.64908719062805, 26.48157262802124, 49.458277463912964]","90":"[0.2735607624053955, 23.505816221237183, 25.719947576522827, 27.029476404190063, 28.37872862815857, 58.97704195976257, 61.147928953170776]","91":"[0.30517125129699707, 23.313682794570923, 25.430270671844482, 26.749902486801147, 28.097742319107056, 49.51128816604614, 51.646735191345215]","92":"[0.2993910312652588, 23.33524441719055, 25.436043977737427, 26.75801420211792, 28.08963441848755, 57.35170817375183, 59.566688537597656]","93":"[0.28264427185058594, 23.35165238380432, 25.493452787399292, 26.829116582870483, 28.17982530593872, 50.3891716003418, 56.43113660812378]","94":"[0.268190860748291, 23.3952374458313, 25.507689952850342, 26.826997995376587, 28.157708644866943, 49.61000347137451, 51.77144169807434]","95":"[0.2808654308319092, 23.36261510848999, 25.502881288528442, 26.820945024490356, 28.158016681671143, 51.20329761505127, 57.36039090156555]","96":"[0.2997863292694092, 23.315707206726074, 25.423457622528076, 26.74610948562622, 28.073017835617065, 48.73843026161194, 50.822489500045776]","97":"[0.2975802421569824, 23.28331708908081, 25.384512424468994, 26.72420382499695, 28.074495553970337, 47.9605507850647, 50.110875606536865]","98":"[0.2821774482727051, 23.358805179595947, 25.48878288269043, 26.812859773635864, 28.174880027770996, 51.37383842468262, 53.584643602371216]","99":"[0.28447508811950684, 23.28587508201599, 25.402459144592285, 26.724497318267822, 28.08470058441162, 49.491292238235474, 51.63744306564331]","100":"[0.25240612030029297, 28.07716155052185, 36.059030532836914, 36.91178107261658, 43.358731269836426]","101":"[0.2605624198913574, 29.06541419029236, 37.725584506988525, 38.56838941574097, 44.203993797302246]","102":"[0.24235963821411133, 28.21384048461914, 36.863062143325806, 37.692402601242065, 43.26241946220398]","103":"[0.26234865188598633, 28.175604343414307, 36.81701946258545, 37.65329575538635, 44.074395179748535]","104":"[0.24131321907043457, 28.110240697860718, 37.4977331161499, 38.337955713272095, 43.98554706573486]","105":"[0.24560856819152832, 28.067500114440918, 36.736955642700195, 37.58341073989868, 43.216322898864746]","106":"[0.2590019702911377, 28.849940538406372, 36.74721074104309, 37.586952447891235, 43.98021841049194]","107":"[0.2649376392364502, 28.98047971725464, 36.892589807510376, 37.74232840538025, 44.12642025947571]","108":"[0.25804877281188965, 28.14221501350403, 36.797059774398804, 37.62500262260437, 43.25635600090027]","109":"[0.2763843536376953, 30.667226791381836, 39.37030029296875, 40.21441888809204, 45.84048628807068]","110":"[0.26148104667663574, 8.776610136032104, 26.137397289276123, 34.35695028305054]","111":"[0.26108551025390625, 15.391157865524292, 32.633835554122925, 42.28699564933777]","112":"[0.24416375160217285, 8.638866901397705, 25.874647617340088, 35.52219223976135]","113":"[0.25993967056274414, 15.085012435913086, 32.583802223205566, 41.539658069610596]","114":"[0.27542901039123535, 15.500022649765015, 32.73150682449341, 42.41010665893555]","115":"[0.24414300918579102, 9.419958114624023, 26.65126061439514, 35.62836742401123]","116":"[0.2603583335876465, 15.119861841201782, 32.39452242851257, 41.340251207351685]","117":"[0.24398493766784668, 15.377278566360474, 32.65328121185303, 41.5865478515625]","118":"[0.2443082332611084, 7.873794078826904, 24.59991431236267, 33.53388500213623]","119":"[0.24407339096069336, 7.7917492389678955, 25.065921545028687, 34.1023952960968]","120":"[0.24439001083374023, 3.1105315685272217, 21.038853883743286, 21.83336877822876, 61.09141969680786]","121":"[0.2562732696533203, 3.291306734085083, 20.393940687179565, 22.041896104812622, 58.79456353187561]","122":"[0.2586944103240967, 3.1421077251434326, 20.08299708366394, 20.941985845565796, 65.2327733039856]","123":"[0.2893373966217041, 3.19296932220459, 21.028040647506714, 21.85145354270935, 66.92463994026184]","124":"[0.2507038116455078, 3.1357028484344482, 20.757084608078003, 21.578931093215942, 65.363032579422]","125":"[0.25517988204956055, 3.1442816257476807, 21.79465079307556, 22.582282304763794, 62.35204482078552]","126":"[0.2787051200866699, 3.277691125869751, 21.295159339904785, 22.109755516052246, 62.87821984291077]","127":"[0.23374700546264648, 3.1231837272644043, 20.601417064666748, 21.406400203704834, 56.54243326187134]","128":"[0.2436537742614746, 3.129746437072754, 20.731862783432007, 21.52795696258545, 62.49176907539368]","129":"[0.23783564567565918, 3.2205822467803955, 21.061931133270264, 21.976046562194824, 66.23766374588013]","130":"[0.22971677780151367, 26.272610902786255, 28.32140040397644, 29.600964784622192, 30.89937710762024, 56.28625273704529, 58.36414837837219]","131":"[0.2320401668548584, 20.71198558807373, 22.745707035064697, 24.029509782791138, 25.320624589920044, 55.72995376586914, 57.89266037940979]","132":"[0.2536890506744385, 20.756745100021362, 22.760254383087158, 24.022836208343506, 25.302971124649048, 48.0027756690979, 53.78809356689453]","133":"[0.24322199821472168, 21.541626930236816, 23.568199157714844, 24.861267805099487, 26.179004430770874, 51.643073320388794, 53.85599112510681]","134":"[0.26903843879699707, 21.3993558883667, 23.410789012908936, 24.677802324295044, 25.967346668243408, 48.29287791252136, 50.439396381378174]","135":"[0.2646641731262207, 20.87310028076172, 22.93901252746582, 24.225000143051147, 25.530245304107666, 56.090797424316406, 58.326266288757324]","136":"[0.253997802734375, 20.931108236312866, 22.998120307922363, 24.260552406311035, 25.545313358306885, 48.22520422935486, 50.45943307876587]","137":"[0.2747786045074463, 21.504910230636597, 23.51610803604126, 24.80153727531433, 26.079845190048218, 44.71683096885681, 46.91261053085327]","138":"[0.2464001178741455, 20.74033260345459, 22.785736799240112, 24.076119899749756, 25.39376211166382, 45.938271284103394, 48.10524296760559]","139":"[0.25191760063171387, 21.162487268447876, 23.17363667488098, 24.45313572883606, 25.742345571517944, 49.84738755226135, 52.07045865058899]","140":"[0.25820279121398926, 28.788995504379272, 41.663618087768555, 43.299824237823486, 50.99346590042114]","141":"[0.25196003913879395, 26.08000659942627, 38.25743865966797, 39.8650803565979, 47.550689458847046]","142":"[0.21495795249938965, 27.544777631759644, 38.42091655731201, 40.01611852645874, 48.51495146751404]","143":"[0.24047327041625977, 25.178256273269653, 38.61556673049927, 40.26257085800171, 47.983269691467285]","144":"[0.21686911582946777, 25.147632837295532, 37.66094946861267, 39.22130370140076, 46.96600890159607]","145":"[0.24862360954284668, 26.01848864555359, 37.87682580947876, 39.53595852851868, 47.88945913314819]","146":"[0.22994637489318848, 26.292717218399048, 38.192591190338135, 39.84229373931885, 47.469813108444214]","147":"[0.260577917098999, 25.28929615020752, 38.74637579917908, 40.40018820762634, 48.079105615615845]","148":"[0.23208141326904297, 25.169940948486328, 37.58765196800232, 39.19629526138306, 46.931063413619995]","149":"[0.22987914085388184, 26.266167163848877, 38.64507174491882, 40.303505420684814, 48.10906648635864]","150":"[0.20618367195129395, 9.851332426071167, 31.746328830718994, 41.66324853897095]","151":"[0.2235698699951172, 7.5598225593566895, 23.53519582748413, 31.9432692527771]","152":"[0.21216225624084473, 7.523439884185791, 23.405820608139038, 31.824296951293945]","153":"[0.2281968593597412, 7.469999551773071, 25.249154090881348, 34.473426818847656]","154":"[0.21764588356018066, 7.210848331451416, 23.527355432510376, 31.381244659423828]","155":"[0.22849082946777344, 7.4584362506866455, 23.877131938934326, 32.390382289886475]","156":"[0.2446918487548828, 7.051135540008545, 23.186341047286987, 31.672324419021606]","157":"[0.21447086334228516, 7.4901018142700195, 25.275446891784668, 33.8227105140686]","158":"[0.21772217750549316, 7.693544387817383, 23.927392721176147, 33.121044874191284]","159":"[0.23066329956054688, 7.614978790283203, 23.37987756729126, 32.66643691062927]"},"level":{"0":39.5608606339,"1":37.8429934978,"2":33.3129217625,"3":40.1333525181,"4":38.6260664463,"5":35.547706604,"6":38.2490270138,"7":36.4938113689,"8":41.0474140644,"9":36.1947262287,"10":25.6260268688,"11":26.3984375,"12":22.0550534725,"13":27.1706132889,"14":29.2986524105,"15":20.66233325,"16":19.2414810658,"17":25.0778055191,"18":19.2790620327,"19":24.5784926414,"20":7.6944005489,"21":7.5440835953,"22":7.6652057171,"23":8.488853693,"24":8.4433600903,"25":8.5187866688,"26":7.7437727451,"27":6.9163894653,"28":8.4621713161,"29":7.588758707,"30":9.7714617252,"31":8.4214024544,"32":8.4759588242,"33":8.5479984283,"34":8.5274572372,"35":8.4746785164,"36":7.8480615616,"37":8.5543394089,"38":8.6200287342,"39":9.1758012772,"40":25.1251046658,"41":21.4804375172,"42":49.8790521622,"43":24.9294803143,"44":53.7598667145,"45":21.3943967819,"46":21.6453316212,"47":49.8752675056,"48":56.1342940331,"49":20.5832366943,"50":32.2849195004,"51":24.2532842159,"52":31.6592669487,"53":29.7000696659,"54":22.3736314774,"55":19.8782317638,"56":31.2178447247,"57":28.519340992,"58":27.6846051216,"59":28.651488781,"60":5.3404681683,"61":6.0481686592,"62":6.0448155403,"63":5.2471139431,"64":5.9551277161,"65":5.3423802853,"66":5.2489283085,"67":6.0684773922,"68":5.6984713078,"69":6.012976408,"70":10.0878412724,"71":9.115146637,"72":8.4261860847,"73":9.1677057743,"74":8.4423482418,"75":8.4005293846,"76":9.8359670639,"77":9.1931006908,"78":9.1879873276,"79":8.4469072819,"80":23.3404824734,"81":21.8888356686,"82":21.5947775841,"83":22.0103518963,"84":47.5836048126,"85":21.0071735382,"86":22.6882622242,"87":21.5909967422,"88":21.3389019966,"89":22.9767048359,"90":30.5983133316,"91":21.4135458469,"92":29.2620737553,"93":22.2093462944,"94":21.4522948265,"95":23.0452809334,"96":20.665412426,"97":19.8860552311,"98":23.1989583969,"99":21.4065916538,"100":6.4469501972,"101":5.6356043816,"102":5.570016861,"103":6.4210994244,"104":5.6475913525,"105":5.632912159,"106":6.3932659626,"107":6.3840918541,"108":5.6313533783,"109":5.6260674,"110":8.2195529938,"111":9.6531600952,"112":9.6475446224,"113":8.9558558464,"114":9.6785998344,"115":8.9771068096,"116":8.9457287788,"117":8.9332666397,"118":8.9339706898,"119":9.0364737511,"120":39.2580509186,"121":36.7526674271,"122":44.2907874584,"123":45.0731863976,"124":43.7841014862,"125":39.769762516,"126":40.7684643269,"127":35.1360330582,"128":40.9638121128,"129":44.2616171837,"130":25.3868756294,"131":30.4093291759,"132":22.6998045444,"133":25.4640688896,"134":22.3255312443,"135":30.5605521202,"136":22.679890871,"137":18.6369857788,"138":20.5445091724,"139":24.1050419807,"140":7.6936416626,"141":7.6856091022,"142":8.4988329411,"143":7.7206988335,"144":7.7447052002,"145":8.3535006046,"146":7.6275193691,"147":7.678917408,"148":7.7347681522,"149":7.8055610657,"150":9.9169197083,"151":8.4080734253,"152":8.4184763432,"153":9.224272728,"154":7.8538892269,"155":8.513250351,"156":8.4859833717,"157":8.5472636223,"158":9.193652153,"159":9.2865593433},"load":{"0":23.3272850513,"1":17.6818506718,"2":16.753736496,"3":18.0734329224,"4":17.9784948826,"5":17.0253193378,"6":18.1809771061,"7":17.3617827892,"8":18.6295681,"9":17.2331874371,"10":2.0059251785,"11":2.0242528915,"12":2.0399532318,"13":2.0040047169,"14":2.0036878586,"15":2.0441503525,"16":1.992757082,"17":2.0242938995,"18":1.9915349483,"19":2.0215520859,"20":40.5397655964,"21":40.3346803188,"22":40.2413108349,"23":40.4612088203,"24":38.1070232391,"25":39.4527742863,"26":37.9587955475,"27":39.501978159,"28":38.2009186745,"29":40.1355166435,"30":17.1335275173,"31":15.9801542759,"32":18.0858471394,"33":16.1937561035,"34":17.0931909084,"35":16.1658272743,"36":17.7393455505,"37":16.914896965,"38":17.0443952084,"39":16.1873853207,"40":22.8499705791,"41":22.3931472301,"42":22.3889038563,"43":22.0249466896,"44":22.1668810844,"45":22.9592299461,"46":22.0869164467,"47":19.9668207169,"48":20.4271945953,"49":22.0865063667,"50":2.0443379879,"51":2.0206818581,"52":2.063560009,"53":1.9836111069,"54":2.0160737038,"55":2.0579636097,"56":2.024733305,"57":2.0563261509,"58":1.953826189,"59":2.0325360298,"60":37.2188296318,"61":36.8257060051,"62":34.879543066,"63":33.9248437881,"64":34.8722712994,"65":33.9314403534,"66":34.6577899456,"67":34.4111366272,"68":34.3115551472,"69":34.2743332386,"70":23.1726126671,"71":17.2014272213,"72":16.2487413883,"73":16.3785450459,"74":15.6653959751,"75":15.8495204449,"76":16.2865998745,"77":16.9136040211,"78":16.4069447517,"79":15.7322611809,"80":23.1051352024,"81":20.8754873276,"82":20.2445640564,"83":22.0585472584,"84":20.3504934311,"85":22.3178873062,"86":20.6843869686,"87":20.4036273956,"88":20.9741792679,"89":21.5889382362,"90":2.2141313553,"91":2.1165878773,"92":2.1007995605,"93":2.1418004036,"94":2.112452507,"95":2.14026618,"96":2.1077504158,"97":2.1011953354,"98":2.1299777031,"99":2.1165840626,"100":35.8066244125,"101":37.4650220871,"102":36.6207025051,"103":36.5546708107,"104":37.2564198971,"105":36.4913470745,"106":36.4882087708,"107":36.6276521683,"108":36.5390110016,"109":39.0939159393,"110":17.3607871532,"111":17.2426776886,"112":17.2357807159,"113":17.4987897873,"114":17.2314841747,"115":17.2313024998,"116":17.2746605873,"117":17.2760026455,"118":16.7261202335,"119":17.2741723061,"120":17.9283223152,"121":17.1026339531,"122":16.9408893585,"123":17.8350713253,"124":17.6213817596,"125":18.6503691673,"126":18.017468214,"127":17.4782333374,"128":17.6021163464,"129":17.8413488865,"130":2.0487895012,"131":2.033721447,"132":2.0035092831,"133":2.0265722275,"134":2.0114331245,"135":2.0659122467,"136":2.0670120716,"137":2.0111978054,"138":2.0454041958,"139":2.0111494064,"140":41.4054152966,"141":38.0054786205,"142":38.2059586048,"143":38.3750934601,"144":37.4440803528,"145":37.6282021999,"146":37.9626448154,"147":38.4857978821,"148":37.3555705547,"149":38.4151926041,"150":21.8949964046,"151":15.9753732681,"152":15.882380724,"153":17.7791545391,"154":16.3165071011,"155":16.4186956882,"156":16.1352055073,"157":17.7853450775,"158":16.2338483334,"159":15.764898777},"it":{"0":0,"1":1,"2":2,"3":3,"4":4,"5":5,"6":6,"7":7,"8":8,"9":9,"10":0,"11":1,"12":2,"13":3,"14":4,"15":5,"16":6,"17":7,"18":8,"19":9,"20":0,"21":1,"22":2,"23":3,"24":4,"25":5,"26":6,"27":7,"28":8,"29":9,"30":0,"31":1,"32":2,"33":3,"34":4,"35":5,"36":6,"37":7,"38":8,"39":9,"40":0,"41":1,"42":2,"43":3,"44":4,"45":5,"46":6,"47":7,"48":8,"49":9,"50":0,"51":1,"52":2,"53":3,"54":4,"55":5,"56":6,"57":7,"58":8,"59":9,"60":0,"61":1,"62":2,"63":3,"64":4,"65":5,"66":6,"67":7,"68":8,"69":9,"70":0,"71":1,"72":2,"73":3,"74":4,"75":5,"76":6,"77":7,"78":8,"79":9,"80":0,"81":1,"82":2,"83":3,"84":4,"85":5,"86":6,"87":7,"88":8,"89":9,"90":0,"91":1,"92":2,"93":3,"94":4,"95":5,"96":6,"97":7,"98":8,"99":9,"100":0,"101":1,"102":2,"103":3,"104":4,"105":5,"106":6,"107":7,"108":8,"109":9,"110":0,"111":1,"112":2,"113":3,"114":4,"115":5,"116":6,"117":7,"118":8,"119":9,"120":0,"121":1,"122":2,"123":3,"124":4,"125":5,"126":6,"127":7,"128":8,"129":9,"130":0,"131":1,"132":2,"133":3,"134":4,"135":5,"136":6,"137":7,"138":8,"139":9,"140":0,"141":1,"142":2,"143":3,"144":4,"145":5,"146":6,"147":7,"148":8,"149":9,"150":0,"151":1,"152":2,"153":3,"154":4,"155":5,"156":6,"157":7,"158":8,"159":9},"GPU":{"0":"Radeon HD 6800","1":"Radeon HD 6800","2":"Radeon HD 6800","3":"Radeon HD 6800","4":"Radeon HD 6800","5":"Radeon HD 6800","6":"Radeon HD 6800","7":"Radeon HD 6800","8":"Radeon HD 6800","9":"Radeon HD 6800","10":"Radeon HD 6800","11":"Radeon HD 6800","12":"Radeon HD 6800","13":"Radeon HD 6800","14":"Radeon HD 6800","15":"Radeon HD 6800","16":"Radeon HD 6800","17":"Radeon HD 6800","18":"Radeon HD 6800","19":"Radeon HD 6800","20":"Radeon HD 6800","21":"Radeon HD 6800","22":"Radeon HD 6800","23":"Radeon HD 6800","24":"Radeon HD 6800","25":"Radeon HD 6800","26":"Radeon HD 6800","27":"Radeon HD 6800","28":"Radeon HD 6800","29":"Radeon HD 6800","30":"Radeon HD 6800","31":"Radeon HD 6800","32":"Radeon HD 6800","33":"Radeon HD 6800","34":"Radeon HD 6800","35":"Radeon HD 6800","36":"Radeon HD 6800","37":"Radeon HD 6800","38":"Radeon HD 6800","39":"Radeon HD 6800","40":"GTX 960","41":"GTX 960","42":"GTX 960","43":"GTX 960","44":"GTX 960","45":"GTX 960","46":"GTX 960","47":"GTX 960","48":"GTX 960","49":"GTX 960","50":"GTX 960","51":"GTX 960","52":"GTX 960","53":"GTX 960","54":"GTX 960","55":"GTX 960","56":"GTX 960","57":"GTX 960","58":"GTX 960","59":"GTX 960","60":"GTX 960","61":"GTX 960","62":"GTX 960","63":"GTX 960","64":"GTX 960","65":"GTX 960","66":"GTX 960","67":"GTX 960","68":"GTX 960","69":"GTX 960","70":"GTX 960","71":"GTX 960","72":"GTX 960","73":"GTX 960","74":"GTX 960","75":"GTX 960","76":"GTX 960","77":"GTX 960","78":"GTX 960","79":"GTX 960","80":"GTX 960","81":"GTX 960","82":"GTX 960","83":"GTX 960","84":"GTX 960","85":"GTX 960","86":"GTX 960","87":"GTX 960","88":"GTX 960","89":"GTX 960","90":"GTX 960","91":"GTX 960","92":"GTX 960","93":"GTX 960","94":"GTX 960","95":"GTX 960","96":"GTX 960","97":"GTX 960","98":"GTX 960","99":"GTX 960","100":"GTX 960","101":"GTX 960","102":"GTX 960","103":"GTX 960","104":"GTX 960","105":"GTX 960","106":"GTX 960","107":"GTX 960","108":"GTX 960","109":"GTX 960","110":"GTX 960","111":"GTX 960","112":"GTX 960","113":"GTX 960","114":"GTX 960","115":"GTX 960","116":"GTX 960","117":"GTX 960","118":"GTX 960","119":"GTX 960","120":"Radeon HD 6800","121":"Radeon HD 6800","122":"Radeon HD 6800","123":"Radeon HD 6800","124":"Radeon HD 6800","125":"Radeon HD 6800","126":"Radeon HD 6800","127":"Radeon HD 6800","128":"Radeon HD 6800","129":"Radeon HD 6800","130":"Radeon HD 6800","131":"Radeon HD 6800","132":"Radeon HD 6800","133":"Radeon HD 6800","134":"Radeon HD 6800","135":"Radeon HD 6800","136":"Radeon HD 6800","137":"Radeon HD 6800","138":"Radeon HD 6800","139":"Radeon HD 6800","140":"Radeon HD 6800","141":"Radeon HD 6800","142":"Radeon HD 6800","143":"Radeon HD 6800","144":"Radeon HD 6800","145":"Radeon HD 6800","146":"Radeon HD 6800","147":"Radeon HD 6800","148":"Radeon HD 6800","149":"Radeon HD 6800","150":"Radeon HD 6800","151":"Radeon HD 6800","152":"Radeon HD 6800","153":"Radeon HD 6800","154":"Radeon HD 6800","155":"Radeon HD 6800","156":"Radeon HD 6800","157":"Radeon HD 6800","158":"Radeon HD 6800","159":"Radeon HD 6800"},"CPU":{"0":"i5-7600 @ 3.5GHz","1":"i5-7600 @ 3.5GHz","2":"i5-7600 @ 3.5GHz","3":"i5-7600 @ 3.5GHz","4":"i5-7600 @ 3.5GHz","5":"i5-7600 @ 3.5GHz","6":"i5-7600 @ 3.5GHz","7":"i5-7600 @ 3.5GHz","8":"i5-7600 @ 3.5GHz","9":"i5-7600 @ 3.5GHz","10":"i5-7600 @ 3.5GHz","11":"i5-7600 @ 3.5GHz","12":"i5-7600 @ 3.5GHz","13":"i5-7600 @ 3.5GHz","14":"i5-7600 @ 3.5GHz","15":"i5-7600 @ 3.5GHz","16":"i5-7600 @ 3.5GHz","17":"i5-7600 @ 3.5GHz","18":"i5-7600 @ 3.5GHz","19":"i5-7600 @ 3.5GHz","20":"i5-7600 @ 3.5GHz","21":"i5-7600 @ 3.5GHz","22":"i5-7600 @ 3.5GHz","23":"i5-7600 @ 3.5GHz","24":"i5-7600 @ 3.5GHz","25":"i5-7600 @ 3.5GHz","26":"i5-7600 @ 3.5GHz","27":"i5-7600 @ 3.5GHz","28":"i5-7600 @ 3.5GHz","29":"i5-7600 @ 3.5GHz","30":"i5-7600 @ 3.5GHz","31":"i5-7600 @ 3.5GHz","32":"i5-7600 @ 3.5GHz","33":"i5-7600 @ 3.5GHz","34":"i5-7600 @ 3.5GHz","35":"i5-7600 @ 3.5GHz","36":"i5-7600 @ 3.5GHz","37":"i5-7600 @ 3.5GHz","38":"i5-7600 @ 3.5GHz","39":"i5-7600 @ 3.5GHz","40":"i5-7600 @ 3.5GHz","41":"i5-7600 @ 3.5GHz","42":"i5-7600 @ 3.5GHz","43":"i5-7600 @ 3.5GHz","44":"i5-7600 @ 3.5GHz","45":"i5-7600 @ 3.5GHz","46":"i5-7600 @ 3.5GHz","47":"i5-7600 @ 3.5GHz","48":"i5-7600 @ 3.5GHz","49":"i5-7600 @ 3.5GHz","50":"i5-7600 @ 3.5GHz","51":"i5-7600 @ 3.5GHz","52":"i5-7600 @ 3.5GHz","53":"i5-7600 @ 3.5GHz","54":"i5-7600 @ 3.5GHz","55":"i5-7600 @ 3.5GHz","56":"i5-7600 @ 3.5GHz","57":"i5-7600 @ 3.5GHz","58":"i5-7600 @ 3.5GHz","59":"i5-7600 @ 3.5GHz","60":"i5-7600 @ 3.5GHz","61":"i5-7600 @ 3.5GHz","62":"i5-7600 @ 3.5GHz","63":"i5-7600 @ 3.5GHz","64":"i5-7600 @ 3.5GHz","65":"i5-7600 @ 3.5GHz","66":"i5-7600 @ 3.5GHz","67":"i5-7600 @ 3.5GHz","68":"i5-7600 @ 3.5GHz","69":"i5-7600 @ 3.5GHz","70":"i5-7600 @ 3.5GHz","71":"i5-7600 @ 3.5GHz","72":"i5-7600 @ 3.5GHz","73":"i5-7600 @ 3.5GHz","74":"i5-7600 @ 3.5GHz","75":"i5-7600 @ 3.5GHz","76":"i5-7600 @ 3.5GHz","77":"i5-7600 @ 3.5GHz","78":"i5-7600 @ 3.5GHz","79":"i5-7600 @ 3.5GHz","80":"i5-6500 @ 3.20GHz","81":"i5-6500 @ 3.20GHz","82":"i5-6500 @ 3.20GHz","83":"i5-6500 @ 3.20GHz","84":"i5-6500 @ 3.20GHz","85":"i5-6500 @ 3.20GHz","86":"i5-6500 @ 3.20GHz","87":"i5-6500 @ 3.20GHz","88":"i5-6500 @ 3.20GHz","89":"i5-6500 @ 3.20GHz","90":"i5-6500 @ 3.20GHz","91":"i5-6500 @ 3.20GHz","92":"i5-6500 @ 3.20GHz","93":"i5-6500 @ 3.20GHz","94":"i5-6500 @ 3.20GHz","95":"i5-6500 @ 3.20GHz","96":"i5-6500 @ 3.20GHz","97":"i5-6500 @ 3.20GHz","98":"i5-6500 @ 3.20GHz","99":"i5-6500 @ 3.20GHz","100":"i5-6500 @ 3.20GHz","101":"i5-6500 @ 3.20GHz","102":"i5-6500 @ 3.20GHz","103":"i5-6500 @ 3.20GHz","104":"i5-6500 @ 3.20GHz","105":"i5-6500 @ 3.20GHz","106":"i5-6500 @ 3.20GHz","107":"i5-6500 @ 3.20GHz","108":"i5-6500 @ 3.20GHz","109":"i5-6500 @ 3.20GHz","110":"i5-6500 @ 3.20GHz","111":"i5-6500 @ 3.20GHz","112":"i5-6500 @ 3.20GHz","113":"i5-6500 @ 3.20GHz","114":"i5-6500 @ 3.20GHz","115":"i5-6500 @ 3.20GHz","116":"i5-6500 @ 3.20GHz","117":"i5-6500 @ 3.20GHz","118":"i5-6500 @ 3.20GHz","119":"i5-6500 @ 3.20GHz","120":"i5-7600 @ 3.5GHz","121":"i5-7600 @ 3.5GHz","122":"i5-7600 @ 3.5GHz","123":"i5-7600 @ 3.5GHz","124":"i5-7600 @ 3.5GHz","125":"i5-7600 @ 3.5GHz","126":"i5-7600 @ 3.5GHz","127":"i5-7600 @ 3.5GHz","128":"i5-7600 @ 3.5GHz","129":"i5-7600 @ 3.5GHz","130":"i5-7600 @ 3.5GHz","131":"i5-7600 @ 3.5GHz","132":"i5-7600 @ 3.5GHz","133":"i5-7600 @ 3.5GHz","134":"i5-7600 @ 3.5GHz","135":"i5-7600 @ 3.5GHz","136":"i5-7600 @ 3.5GHz","137":"i5-7600 @ 3.5GHz","138":"i5-7600 @ 3.5GHz","139":"i5-7600 @ 3.5GHz","140":"i5-7600 @ 3.5GHz","141":"i5-7600 @ 3.5GHz","142":"i5-7600 @ 3.5GHz","143":"i5-7600 @ 3.5GHz","144":"i5-7600 @ 3.5GHz","145":"i5-7600 @ 3.5GHz","146":"i5-7600 @ 3.5GHz","147":"i5-7600 @ 3.5GHz","148":"i5-7600 @ 3.5GHz","149":"i5-7600 @ 3.5GHz","150":"i5-7600 @ 3.5GHz","151":"i5-7600 @ 3.5GHz","152":"i5-7600 @ 3.5GHz","153":"i5-7600 @ 3.5GHz","154":"i5-7600 @ 3.5GHz","155":"i5-7600 @ 3.5GHz","156":"i5-7600 @ 3.5GHz","157":"i5-7600 @ 3.5GHz","158":"i5-7600 @ 3.5GHz","159":"i5-7600 @ 3.5GHz"},"storage":{"0":"HDD","1":"HDD","2":"HDD","3":"HDD","4":"HDD","5":"HDD","6":"HDD","7":"HDD","8":"HDD","9":"HDD","10":"HDD","11":"HDD","12":"HDD","13":"HDD","14":"HDD","15":"HDD","16":"HDD","17":"HDD","18":"HDD","19":"HDD","20":"HDD","21":"HDD","22":"HDD","23":"HDD","24":"HDD","25":"HDD","26":"HDD","27":"HDD","28":"HDD","29":"HDD","30":"HDD","31":"HDD","32":"HDD","33":"HDD","34":"HDD","35":"HDD","36":"HDD","37":"HDD","38":"HDD","39":"HDD","40":"SSD","41":"SSD","42":"SSD","43":"SSD","44":"SSD","45":"SSD","46":"SSD","47":"SSD","48":"SSD","49":"SSD","50":"SSD","51":"SSD","52":"SSD","53":"SSD","54":"SSD","55":"SSD","56":"SSD","57":"SSD","58":"SSD","59":"SSD","60":"SSD","61":"SSD","62":"SSD","63":"SSD","64":"SSD","65":"SSD","66":"SSD","67":"SSD","68":"SSD","69":"SSD","70":"SSD","71":"SSD","72":"SSD","73":"SSD","74":"SSD","75":"SSD","76":"SSD","77":"SSD","78":"SSD","79":"SSD","80":"SSD","81":"SSD","82":"SSD","83":"SSD","84":"SSD","85":"SSD","86":"SSD","87":"SSD","88":"SSD","89":"SSD","90":"SSD","91":"SSD","92":"SSD","93":"SSD","94":"SSD","95":"SSD","96":"SSD","97":"SSD","98":"SSD","99":"SSD","100":"SSD","101":"SSD","102":"SSD","103":"SSD","104":"SSD","105":"SSD","106":"SSD","107":"SSD","108":"SSD","109":"SSD","110":"SSD","111":"SSD","112":"SSD","113":"SSD","114":"SSD","115":"SSD","116":"SSD","117":"SSD","118":"SSD","119":"SSD","120":"SSD","121":"SSD","122":"SSD","123":"SSD","124":"SSD","125":"SSD","126":"SSD","127":"SSD","128":"SSD","129":"SSD","130":"SSD","131":"SSD","132":"SSD","133":"SSD","134":"SSD","135":"SSD","136":"SSD","137":"SSD","138":"SSD","139":"SSD","140":"SSD","141":"SSD","142":"SSD","143":"SSD","144":"SSD","145":"SSD","146":"SSD","147":"SSD","148":"SSD","149":"SSD","150":"SSD","151":"SSD","152":"SSD","153":"SSD","154":"SSD","155":"SSD","156":"SSD","157":"SSD","158":"SSD","159":"SSD"},"config_id":{"0":0,"1":0,"2":0,"3":0,"4":0,"5":0,"6":0,"7":0,"8":0,"9":0,"10":0,"11":0,"12":0,"13":0,"14":0,"15":0,"16":0,"17":0,"18":0,"19":0,"20":0,"21":0,"22":0,"23":0,"24":0,"25":0,"26":0,"27":0,"28":0,"29":0,"30":0,"31":0,"32":0,"33":0,"34":0,"35":0,"36":0,"37":0,"38":0,"39":0,"40":1,"41":1,"42":1,"43":1,"44":1,"45":1,"46":1,"47":1,"48":1,"49":1,"50":1,"51":1,"52":1,"53":1,"54":1,"55":1,"56":1,"57":1,"58":1,"59":1,"60":1,"61":1,"62":1,"63":1,"64":1,"65":1,"66":1,"67":1,"68":1,"69":1,"70":1,"71":1,"72":1,"73":1,"74":1,"75":1,"76":1,"77":1,"78":1,"79":1,"80":2,"81":2,"82":2,"83":2,"84":2,"85":2,"86":2,"87":2,"88":2,"89":2,"90":2,"91":2,"92":2,"93":2,"94":2,"95":2,"96":2,"97":2,"98":2,"99":2,"100":2,"101":2,"102":2,"103":2,"104":2,"105":2,"106":2,"107":2,"108":2,"109":2,"110":2,"111":2,"112":2,"113":2,"114":2,"115":2,"116":2,"117":2,"118":2,"119":2,"120":3,"121":3,"122":3,"123":3,"124":3,"125":3,"126":3,"127":3,"128":3,"129":3,"130":3,"131":3,"132":3,"133":3,"134":3,"135":3,"136":3,"137":3,"138":3,"139":3,"140":3,"141":3,"142":3,"143":3,"144":3,"145":3,"146":3,"147":3,"148":3,"149":3,"150":3,"151":3,"152":3,"153":3,"154":3,"155":3,"156":3,"157":3,"158":3,"159":3}}