,Unnamed: 0,game_name,game_params,init_time,total_time,times,level,load,it,GPU,CPU,storage,config_id
0,0.0,Minecraft,"{'window_names': ['Minecraft Launcher', 'Minecraft 1.18.1'], 'move_time': 0.0, 'kill_mode': 'keyboard'}",2021-12-16 19:24:33.973946368,68.5954632759,"[0.2529258728027344, 3.918689727783203, 27.24597477912903, 28.091856479644775, 67.65271711349487]",39.5608606339,23.3272850513,0,Radeon HD 6800,i5-7600 @ 3.5GHz,HDD,0
1,1.0,Minecraft,"{'window_names': ['Minecraft Launcher', 'Minecraft 1.18.1'], 'move_time': 0.0, 'kill_mode': 'keyboard'}",2021-12-16 19:25:53.592667904,60.5361800194,"[0.2730550765991211, 3.2297065258026123, 20.9115571975708, 21.70753002166748, 59.55052351951599]",37.8429934978,17.6818506718,1,Radeon HD 6800,i5-7600 @ 3.5GHz,HDD,0
2,2.0,Minecraft,"{'window_names': ['Minecraft Launcher', 'Minecraft 1.18.1'], 'move_time': 0.0, 'kill_mode': 'keyboard'}",2021-12-16 19:27:05.164331520,54.7900154591,"[0.25284266471862793, 3.1547093391418457, 19.908445835113525, 20.66950249671936, 53.98242425918579]",33.3129217625,16.753736496,2,Radeon HD 6800,i5-7600 @ 3.5GHz,HDD,0
3,3.0,Minecraft,"{'window_names': ['Minecraft Launcher', 'Minecraft 1.18.1'], 'move_time': 0.0, 'kill_mode': 'keyboard'}",2021-12-16 19:28:10.943738624,63.1304264069,"[0.2539710998535156, 3.131402015686035, 21.204834938049316, 21.991945505142212, 62.12529802322388]",40.1333525181,18.0734329224,3,Radeon HD 6800,i5-7600 @ 3.5GHz,HDD,0
4,4.0,Minecraft,"{'window_names': ['Minecraft Launcher', 'Minecraft 1.18.1'], 'move_time': 0.0, 'kill_mode': 'keyboard'}",2021-12-16 19:29:25.089054720,64.0628135204,"[0.289658784866333, 5.205118417739868, 23.183613300323486, 24.638155937194824, 63.264222383499146]",38.6260664463,17.9784948826,4,Radeon HD 6800,i5-7600 @ 3.5GHz,HDD,0
5,5.0,Minecraft,"{'window_names': ['Minecraft Launcher', 'Minecraft 1.18.1'], 'move_time': 0.0, 'kill_mode': 'keyboard'}",2021-12-16 19:30:40.130744832,57.322483778,"[0.26368069648742676, 3.1981284618377686, 20.223447799682617, 20.94871473312378, 56.496421337127686]",35.547706604,17.0253193378,5,Radeon HD 6800,i5-7600 @ 3.5GHz,HDD,0
6,6.0,Minecraft,"{'window_names': ['Minecraft Launcher', 'Minecraft 1.18.1'], 'move_time': 0.0, 'kill_mode': 'keyboard'}",2021-12-16 19:31:48.494013440,61.5508277416,"[0.2543222904205322, 3.1301815509796143, 21.311158657073975, 22.33311152458191, 60.582138538360596]",38.2490270138,18.1809771061,6,Radeon HD 6800,i5-7600 @ 3.5GHz,HDD,0
7,7.0,Minecraft,"{'window_names': ['Minecraft Launcher', 'Minecraft 1.18.1'], 'move_time': 0.0, 'kill_mode': 'keyboard'}",2021-12-16 19:33:01.030268416,58.5784175396,"[0.2702653408050537, 3.196237802505493, 20.55802059173584, 21.30547833442688, 57.79928970336914]",36.4938113689,17.3617827892,7,Radeon HD 6800,i5-7600 @ 3.5GHz,HDD,0
8,8.0,Minecraft,"{'window_names': ['Minecraft Launcher', 'Minecraft 1.18.1'], 'move_time': 0.0, 'kill_mode': 'keyboard'}",2021-12-16 19:34:10.755883520,65.3482308388,"[0.2688724994659424, 3.174374580383301, 21.803942680358887, 22.630309343338013, 63.67772340774536]",41.0474140644,18.6295681,8,Radeon HD 6800,i5-7600 @ 3.5GHz,HDD,0
9,9.0,Minecraft,"{'window_names': ['Minecraft Launcher', 'Minecraft 1.18.1'], 'move_time': 0.0, 'kill_mode': 'keyboard'}",2021-12-16 19:35:27.143337216,57.9785208702,"[0.24983549118041992, 3.1145005226135254, 20.34768795967102, 21.1029052734375, 57.29763150215149]",36.1947262287,17.2331874371,9,Radeon HD 6800,i5-7600 @ 3.5GHz,HDD,0
10,10.0,CSGO,"{'process_name': ['csgo.exe'], 'move_time': 0.5, 'kill_mode': 'os', 'window_names': ['Counter-Strike: Global Offensive']}",2021-12-16 19:36:36.201758208,54.6918728352,"[0.2704033851623535, 21.313807249069214, 23.319732427597046, 24.602930068969727, 25.894336938858032, 51.52036380767822, 53.5796959400177]",25.6260268688,2.0059251785,0,Radeon HD 6800,i5-7600 @ 3.5GHz,HDD,0
11,11.0,CSGO,"{'process_name': ['csgo.exe'], 'move_time': 0.5, 'kill_mode': 'os', 'window_names': ['Counter-Strike: Global Offensive']}",2021-12-16 19:37:43.997892864,55.482013464,"[0.2723114490509033, 21.265949487686157, 23.290202379226685, 24.573992490768433, 25.87259554862976, 52.27103304862976, 54.36734199523926]",26.3984375,2.0242528915,1,Radeon HD 6800,i5-7600 @ 3.5GHz,HDD,0
12,12.0,CSGO,"{'process_name': ['csgo.exe'], 'move_time': 0.5, 'kill_mode': 'os', 'window_names': ['Counter-Strike: Global Offensive']}",2021-12-16 19:38:52.632565504,54.6943867207,"[0.28723740577697754, 21.34632968902588, 23.386282920837402, 24.67408776283264, 25.97872543334961, 48.03377890586853, 53.59177088737488]",22.0550534725,2.0399532318,2,Radeon HD 6800,i5-7600 @ 3.5GHz,HDD,0
13,13.0,CSGO,"{'process_name': ['csgo.exe'], 'move_time': 0.5, 'kill_mode': 'os', 'window_names': ['Counter-Strike: Global Offensive']}",2021-12-16 19:40:00.347964160,56.2976453304,"[0.270416259765625, 21.381804704666138, 23.385809421539307, 24.6576566696167, 25.948644876480103, 53.1192581653595, 55.1827187538147]",27.1706132889,2.0040047169,3,Radeon HD 6800,i5-7600 @ 3.5GHz,HDD,0
14,14.0,CSGO,"{'process_name': ['csgo.exe'], 'move_time': 0.5, 'kill_mode': 'os', 'window_names': ['Counter-Strike: Global Offensive']}",2021-12-16 19:41:09.776652800,59.0281567574,"[0.25744199752807617, 21.925148963928223, 23.928836822509766, 25.21107506752014, 26.499579429626465, 55.79823184013367, 57.929479360580444]",29.2986524105,2.0036878586,4,Radeon HD 6800,i5-7600 @ 3.5GHz,HDD,0
15,15.0,CSGO,"{'process_name': ['csgo.exe'], 'move_time': 0.5, 'kill_mode': 'os', 'window_names': ['Counter-Strike: Global Offensive']}",2021-12-16 19:42:21.880559616,51.731372118,"[0.2536895275115967, 23.294774293899536, 25.338924646377563, 26.608065366744995, 27.91482377052307, 48.57715702056885, 50.620171785354614]",20.66233325,2.0441503525,5,Radeon HD 6800,i5-7600 @ 3.5GHz,HDD,0
16,16.0,CSGO,"{'process_name': ['csgo.exe'], 'move_time': 0.5, 'kill_mode': 'os', 'window_names': ['Counter-Strike: Global Offensive']}",2021-12-16 19:43:26.711818496,48.3721618652,"[0.2874176502227783, 21.41375756263733, 23.406514644622803, 24.694087743759155, 25.98082661628723, 45.22230768203735, 47.27019286155701]",19.2414810658,1.992757082,6,Radeon HD 6800,i5-7600 @ 3.5GHz,HDD,0
17,17.0,CSGO,"{'process_name': ['csgo.exe'], 'move_time': 0.5, 'kill_mode': 'os', 'window_names': ['Counter-Strike: Global Offensive']}",2021-12-16 19:44:28.242211840,54.1318142414,"[0.28925657272338867, 21.29877233505249, 23.323066234588623, 24.60242009162903, 25.88923931121826, 50.967044830322266, 53.02158808708191]",25.0778055191,2.0242938995,7,Radeon HD 6800,i5-7600 @ 3.5GHz,HDD,0
18,18.0,CSGO,"{'process_name': ['csgo.exe'], 'move_time': 0.5, 'kill_mode': 'os', 'window_names': ['Counter-Strike: Global Offensive']}",2021-12-16 19:45:35.491142912,49.0343773365,"[0.2393648624420166, 22.01392650604248, 24.00546145439148, 25.294374465942383, 26.58616805076599, 45.865230083465576, 47.922049045562744]",19.2790620327,1.9915349483,8,Radeon HD 6800,i5-7600 @ 3.5GHz,HDD,0
19,19.0,CSGO,"{'process_name': ['csgo.exe'], 'move_time': 0.5, 'kill_mode': 'os', 'window_names': ['Counter-Strike: Global Offensive']}",2021-12-16 19:46:37.657507328,53.8052816391,"[0.27364540100097656, 21.376408338546753, 23.397960424423218, 24.685176134109497, 25.974226713180542, 50.55271935462952, 52.70102119445801]",24.5784926414,2.0215520859,9,Radeon HD 6800,i5-7600 @ 3.5GHz,HDD,0
20,20.0,Apex,"{'move_time': 0.0, 'kill_mode': 'keyboard', 'window_names': ['Apex Legends']}",2021-12-16 19:47:44.508381440,50.6459708214,"[0.255643367767334, 28.63089919090271, 40.795408964157104, 42.416998624801636, 50.11139917373657]",7.6944005489,40.5397655964,0,Radeon HD 6800,i5-7600 @ 3.5GHz,HDD,0
21,21.0,Apex,"{'move_time': 0.0, 'kill_mode': 'keyboard', 'window_names': ['Apex Legends']}",2021-12-16 19:48:46.132140032,50.2918763161,"[0.24605679512023926, 28.042475938796997, 40.58073711395264, 42.18716025352478, 49.73124384880066]",7.5440835953,40.3346803188,1,Radeon HD 6800,i5-7600 @ 3.5GHz,HDD,0
22,22.0,Apex,"{'move_time': 0.0, 'kill_mode': 'keyboard', 'window_names': ['Apex Legends']}",2021-12-16 19:49:47.381249024,50.3326656818,"[0.2631418704986572, 27.199405193328857, 40.5044527053833, 42.11763644218445, 49.78284215927124]",7.6652057171,40.2413108349,2,Radeon HD 6800,i5-7600 @ 3.5GHz,HDD,0
23,23.0,Apex,"{'move_time': 0.0, 'kill_mode': 'keyboard', 'window_names': ['Apex Legends']}",2021-12-16 19:50:48.675971328,51.3353283405,"[0.2527594566345215, 26.69336175918579, 40.71396827697754, 42.30245065689087, 50.79130434989929]",8.488853693,40.4612088203,3,Radeon HD 6800,i5-7600 @ 3.5GHz,HDD,0
24,24.0,Apex,"{'move_time': 0.0, 'kill_mode': 'keyboard', 'window_names': ['Apex Legends']}",2021-12-16 19:51:50.972683776,48.9052200317,"[0.2539236545562744, 26.505454301834106, 38.36094689369202, 39.913705348968506, 48.35706543922424]",8.4433600903,38.1070232391,4,Radeon HD 6800,i5-7600 @ 3.5GHz,HDD,0
25,25.0,Apex,"{'move_time': 0.0, 'kill_mode': 'keyboard', 'window_names': ['Apex Legends']}",2021-12-16 19:52:50.888209152,50.3641448021,"[0.271622896194458, 26.634579181671143, 39.7243971824646, 41.32368206977844, 49.84246873855591]",8.5187866688,39.4527742863,5,Radeon HD 6800,i5-7600 @ 3.5GHz,HDD,0
26,26.0,Apex,"{'move_time': 0.0, 'kill_mode': 'keyboard', 'window_names': ['Apex Legends']}",2021-12-16 19:53:52.230217728,48.1103875637,"[0.26172828674316406, 26.448081016540527, 38.220523834228516, 39.819522857666016, 47.56329560279846]",7.7437727451,37.9587955475,6,Radeon HD 6800,i5-7600 @ 3.5GHz,HDD,0
27,27.0,Apex,"{'move_time': 0.0, 'kill_mode': 'keyboard', 'window_names': ['Apex Legends']}",2021-12-16 19:54:51.328507648,48.8066687584,"[0.2631103992462158, 26.355589866638184, 39.76508855819702, 41.36461424827576, 48.28100371360779]",6.9163894653,39.501978159,7,Radeon HD 6800,i5-7600 @ 3.5GHz,HDD,0
28,28.0,Apex,"{'move_time': 0.0, 'kill_mode': 'keyboard', 'window_names': ['Apex Legends']}",2021-12-16 19:55:51.163527680,49.0464110374,"[0.25937962532043457, 25.853037357330322, 38.46029829978943, 40.04517412185669, 48.50734543800354]",8.4621713161,38.2009186745,8,Radeon HD 6800,i5-7600 @ 3.5GHz,HDD,0
29,29.0,Apex,"{'move_time': 0.0, 'kill_mode': 'keyboard', 'window_names': ['Apex Legends']}",2021-12-16 19:56:51.176444160,50.1620864868,"[0.24650335311889648, 27.137781381607056, 40.382019996643066, 42.03360342979431, 49.62236213684082]",7.588758707,40.1355166435,9,Radeon HD 6800,i5-7600 @ 3.5GHz,HDD,0
30,30.0,Hearthstone,"{'move_time': 0.0, 'kill_mode': 'os', 'process_name': ['Hearth', 'Battle'], 'window_names': ['Battle.net', 'Hearthstone']}",2021-12-16 19:57:52.309673984,37.7331674099,"[0.22850584983825684, 10.30288577079773, 27.436413288116455, 37.20787501335144]",9.7714617252,17.1335275173,0,Radeon HD 6800,i5-7600 @ 3.5GHz,HDD,0
31,31.0,Hearthstone,"{'move_time': 0.0, 'kill_mode': 'os', 'process_name': ['Hearth', 'Battle'], 'window_names': ['Battle.net', 'Hearthstone']}",2021-12-16 19:58:43.040773376,31.8692245483,"[0.26467132568359375, 6.941152811050415, 22.92130708694458, 31.3427095413208]",8.4214024544,15.9801542759,1,Radeon HD 6800,i5-7600 @ 3.5GHz,HDD,0
32,32.0,Hearthstone,"{'move_time': 0.0, 'kill_mode': 'os', 'process_name': ['Hearth', 'Battle'], 'window_names': ['Battle.net', 'Hearthstone']}",2021-12-16 19:59:27.872262912,35.3606243134,"[0.2473006248474121, 8.254918813705444, 26.340765953063965, 34.81672477722168]",8.4759588242,18.0858471394,2,Radeon HD 6800,i5-7600 @ 3.5GHz,HDD,0
33,33.0,Hearthstone,"{'move_time': 0.0, 'kill_mode': 'os', 'process_name': ['Hearth', 'Battle'], 'window_names': ['Battle.net', 'Hearthstone']}",2021-12-16 21:51:43.442337024,32.8696577549,"[0.24454665184020996, 7.597211837768555, 23.79096794128418, 32.338966369628906]",8.5479984283,16.1937561035,3,Radeon HD 6800,i5-7600 @ 3.5GHz,HDD,0
34,34.0,Hearthstone,"{'move_time': 0.0, 'kill_mode': 'os', 'process_name': ['Hearth', 'Battle'], 'window_names': ['Battle.net', 'Hearthstone']}",2021-12-16 21:52:29.475356928,33.7323284149,"[0.26154279708862305, 7.582937240600586, 24.676128149032593, 33.203585386276245]",8.5274572372,17.0931909084,4,Radeon HD 6800,i5-7600 @ 3.5GHz,HDD,0
35,35.0,Hearthstone,"{'move_time': 0.0, 'kill_mode': 'os', 'process_name': ['Hearth', 'Battle'], 'window_names': ['Battle.net', 'Hearthstone']}",2021-12-16 21:53:16.407754752,32.1471867561,"[0.24368619918823242, 6.9860780239105225, 23.151905298233032, 31.62658381462097]",8.474678516400001,16.1658272743,5,Radeon HD 6800,i5-7600 @ 3.5GHz,HDD,0
36,36.0,Hearthstone,"{'move_time': 0.0, 'kill_mode': 'os', 'process_name': ['Hearth', 'Battle'], 'window_names': ['Battle.net', 'Hearthstone']}",2021-12-16 21:54:01.764820480,33.0528986454,"[0.24464654922485352, 6.939380645751953, 24.678726196289062, 32.526787757873535]",7.8480615616,17.7393455505,6,Radeon HD 6800,i5-7600 @ 3.5GHz,HDD,0
37,37.0,Hearthstone,"{'move_time': 0.0, 'kill_mode': 'os', 'process_name': ['Hearth', 'Battle'], 'window_names': ['Battle.net', 'Hearthstone']}",2021-12-16 21:54:47.990650624,32.9770028591,"[0.2515676021575928, 6.9827048778533936, 23.89760184288025, 32.45194125175476]",8.5543394089,16.914896965,7,Radeon HD 6800,i5-7600 @ 3.5GHz,HDD,0
38,38.0,Hearthstone,"{'move_time': 0.0, 'kill_mode': 'os', 'process_name': ['Hearth', 'Battle'], 'window_names': ['Battle.net', 'Hearthstone']}",2021-12-16 21:59:36.204591360,33.7817351818,"[0.2568175792694092, 7.597670078277588, 24.642065286636353, 33.262094020843506]",8.6200287342,17.0443952084,8,Radeon HD 6800,i5-7600 @ 3.5GHz,HDD,0
39,39.0,Hearthstone,"{'move_time': 0.0, 'kill_mode': 'os', 'process_name': ['Hearth', 'Battle'], 'window_names': ['Battle.net', 'Hearthstone']}",2021-12-16 22:00:23.206804736,32.7488563061,"[0.2306835651397705, 6.85978889465332, 23.047174215316772, 32.22297549247742]",9.1758012772,16.1873853207,9,Radeon HD 6800,i5-7600 @ 3.5GHz,HDD,0
40,,Minecraft,"{'window_names': ['Minecraft Launcher', 'Minecraft 1.18.1'], 'move_time': 0.0, 'kill_mode': 'keyboard'}",2021-12-16 11:49:06.073750016,52.9445645809,"[0.2612955570220947, 3.0270872116088867, 25.877057790756226, 27.26841163635254, 52.393516302108765]",25.1251046658,22.8499705791,0,GTX 960,i5-7600 @ 3.5GHz,SSD,1
41,,Minecraft,"{'window_names': ['Minecraft Launcher', 'Minecraft 1.18.1'], 'move_time': 0.0, 'kill_mode': 'keyboard'}",2021-12-16 11:50:10.406938112,48.970179081,"[0.22128653526306152, 2.9949541091918945, 25.38810133934021, 26.848928689956665, 48.3293662071228]",21.4804375172,22.3931472301,1,GTX 960,i5-7600 @ 3.5GHz,SSD,1
42,,Minecraft,"{'window_names': ['Minecraft Launcher', 'Minecraft 1.18.1'], 'move_time': 0.0, 'kill_mode': 'keyboard'}",2021-12-16 11:51:10.610883328,76.1607558727,"[0.24219083786010742, 2.9308242797851562, 25.319728136062622, 26.00294280052185, 75.88199496269226]",49.8790521622,22.3889038563,2,GTX 960,i5-7600 @ 3.5GHz,SSD,1
43,,Minecraft,"{'window_names': ['Minecraft Launcher', 'Minecraft 1.18.1'], 'move_time': 0.0, 'kill_mode': 'keyboard'}",2021-12-16 11:52:37.716064256,51.3053939342,"[0.21586394309997559, 2.9216816425323486, 24.94662833213806, 25.542598724365234, 50.472079038619995]",24.9294803143,22.0249466896,3,GTX 960,i5-7600 @ 3.5GHz,SSD,1
44,,Minecraft,"{'window_names': ['Minecraft Launcher', 'Minecraft 1.18.1'], 'move_time': 0.0, 'kill_mode': 'keyboard'}",2021-12-16 11:53:40.692578560,80.441485405,"[0.24609804153442383, 2.944303512573242, 25.11118459701538, 26.429215669631958, 80.1890823841095]",53.7598667145,22.1668810844,4,GTX 960,i5-7600 @ 3.5GHz,SSD,1
45,,Minecraft,"{'window_names': ['Minecraft Launcher', 'Minecraft 1.18.1'], 'move_time': 0.0, 'kill_mode': 'keyboard'}",2021-12-16 11:55:12.097649408,48.538295269,"[0.2505991458892822, 2.926461696624756, 25.88569164276123, 26.568901777267456, 47.96329855918884]",21.3943967819,22.9592299461,5,GTX 960,i5-7600 @ 3.5GHz,SSD,1
46,,Minecraft,"{'window_names': ['Minecraft Launcher', 'Minecraft 1.18.1'], 'move_time': 0.0, 'kill_mode': 'keyboard'}",2021-12-16 11:56:11.888169216,48.7032306194,"[0.24033641815185547, 3.009228467941284, 25.096144914627075, 26.492883443832397, 48.13821506500244]",21.6453316212,22.0869164467,6,GTX 960,i5-7600 @ 3.5GHz,SSD,1
47,,Minecraft,"{'window_names': ['Minecraft Launcher', 'Minecraft 1.18.1'], 'move_time': 0.0, 'kill_mode': 'keyboard'}",2021-12-16 11:57:11.979071232,73.7939302921,"[0.22814297676086426, 2.964787006378174, 22.931607723236084, 23.55262517929077, 73.42789268493652]",49.8752675056,19.9668207169,7,GTX 960,i5-7600 @ 3.5GHz,SSD,1
48,,Minecraft,"{'window_names': ['Minecraft Launcher', 'Minecraft 1.18.1'], 'move_time': 0.0, 'kill_mode': 'keyboard'}",2021-12-16 11:58:36.871999232,80.4259305,"[0.24518394470214844, 2.9827699661254883, 23.409964561462402, 23.975974321365356, 80.1102683544159]",56.1342940331,20.4271945953,8,GTX 960,i5-7600 @ 3.5GHz,SSD,1
49,,Minecraft,"{'window_names': ['Minecraft Launcher', 'Minecraft 1.18.1'], 'move_time': 0.0, 'kill_mode': 'keyboard'}",2021-12-16 12:00:08.517063168,47.5045220852,"[0.22372698783874512, 2.936668634414673, 25.02317500114441, 26.366236925125122, 46.94947361946106]",20.5832366943,22.0865063667,9,GTX 960,i5-7600 @ 3.5GHz,SSD,1
50,,CSGO,"{'process_name': ['csgo.exe'], 'move_time': 0.5, 'kill_mode': 'os', 'window_names': ['Counter-Strike: Global Offensive']}",2021-12-16 12:01:07.190071552,68.2775142193,"[0.25562071800231934, 28.531564950942993, 30.575902938842773, 31.752249717712402, 32.944212198257446, 65.2291316986084, 67.37938189506531]",32.2849195004,2.0443379879,0,GTX 960,i5-7600 @ 3.5GHz,SSD,1
51,,CSGO,"{'process_name': ['csgo.exe'], 'move_time': 0.5, 'kill_mode': 'os', 'window_names': ['Counter-Strike: Global Offensive']}",2021-12-16 12:02:32.744233472,53.7164859772,"[0.2449781894683838, 22.01856017112732, 24.039242029190063, 25.195698499679565, 26.385032892227173, 50.6383171081543, 52.80791401863098]",24.2532842159,2.0206818581,1,GTX 960,i5-7600 @ 3.5GHz,SSD,1
52,,CSGO,"{'process_name': ['csgo.exe'], 'move_time': 0.5, 'kill_mode': 'os', 'window_names': ['Counter-Strike: Global Offensive']}",2021-12-16 12:03:43.075334912,61.1376731396,"[0.2447984218597412, 22.091643810272217, 24.155203819274902, 25.319177627563477, 26.521751403808594, 58.181018352508545, 60.23949480056763]",31.6592669487,2.063560009,2,GTX 960,i5-7600 @ 3.5GHz,SSD,1
53,,CSGO,"{'process_name': ['csgo.exe'], 'move_time': 0.5, 'kill_mode': 'os', 'window_names': ['Counter-Strike: Global Offensive']}",2021-12-16 12:05:00.592356608,59.1206891537,"[0.24507522583007812, 22.043174266815186, 24.026785373687744, 25.182753324508667, 26.394695520401, 56.094765186309814, 58.212562799453735]",29.7000696659,1.9836111069000002,3,GTX 960,i5-7600 @ 3.5GHz,SSD,1
54,,CSGO,"{'process_name': ['csgo.exe'], 'move_time': 0.5, 'kill_mode': 'os', 'window_names': ['Counter-Strike: Global Offensive']}",2021-12-16 12:06:16.564837376,52.0103108883,"[0.24941635131835938, 22.267385482788086, 24.283459186553955, 25.463606357574463, 26.667118310928345, 49.0407497882843, 51.10482883453369]",22.3736314774,2.0160737038,4,GTX 960,i5-7600 @ 3.5GHz,SSD,1
55,,CSGO,"{'process_name': ['csgo.exe'], 'move_time': 0.5, 'kill_mode': 'os', 'window_names': ['Counter-Strike: Global Offensive']}",2021-12-16 12:07:24.607001856,49.4391210079,"[0.22269368171691895, 22.179842710494995, 24.23780632019043, 25.410056114196777, 26.540154457092285, 46.41838622093201, 48.53737163543701]",19.8782317638,2.0579636097,5,GTX 960,i5-7600 @ 3.5GHz,SSD,1
56,,CSGO,"{'process_name': ['csgo.exe'], 'move_time': 0.5, 'kill_mode': 'os', 'window_names': ['Counter-Strike: Global Offensive']}",2021-12-16 12:08:30.370768384,60.7220249176,"[0.24582457542419434, 22.1615047454834, 24.186238050460815, 25.32930874824524, 26.52974581718445, 57.7475905418396, 59.81531381607056]",31.2178447247,2.024733305,6,GTX 960,i5-7600 @ 3.5GHz,SSD,1
57,,CSGO,"{'process_name': ['csgo.exe'], 'move_time': 0.5, 'kill_mode': 'os', 'window_names': ['Counter-Strike: Global Offensive']}",2021-12-16 12:09:47.547983104,62.5211091042,"[0.2455892562866211, 22.174147605895996, 24.23047375679016, 25.431705951690674, 26.612105131149292, 55.13144612312317, 61.60992884635925]",28.519340992,2.0563261509,7,GTX 960,i5-7600 @ 3.5GHz,SSD,1
58,,CSGO,"{'process_name': ['csgo.exe'], 'move_time': 0.5, 'kill_mode': 'os', 'window_names': ['Counter-Strike: Global Offensive']}",2021-12-16 12:11:06.242688256,56.9068815708,"[0.23972344398498535, 21.999186992645264, 23.9530131816864, 25.111067056655884, 26.288427352905273, 53.97303247451782, 55.99787783622742]",27.6846051216,1.953826189,8,GTX 960,i5-7600 @ 3.5GHz,SSD,1
59,,CSGO,"{'process_name': ['csgo.exe'], 'move_time': 0.5, 'kill_mode': 'os', 'window_names': ['Counter-Strike: Global Offensive']}",2021-12-16 12:12:19.775797760,58.4703643322,"[0.23211431503295898, 22.366938829421997, 24.39947485923767, 25.56680154800415, 26.754661560058594, 55.406150341033936, 57.56511998176575]",28.651488781,2.0325360298,9,GTX 960,i5-7600 @ 3.5GHz,SSD,1
60,,Apex,"{'move_time': 0.0, 'kill_mode': 'keyboard', 'window_names': ['Apex Legends']}",2021-12-16 12:13:34.774384896,43.5567958355,"[0.2410569190979004, 29.748318910598755, 37.45988655090332, 37.97737956047058, 43.31784772872925]",5.3404681683,37.2188296318,0,GTX 960,i5-7600 @ 3.5GHz,SSD,1
61,,Apex,"{'move_time': 0.0, 'kill_mode': 'keyboard', 'window_names': ['Apex Legends']}",2021-12-16 12:14:29.334505984,43.8676514626,"[0.22298049926757812, 28.668689012527466, 37.048686504364014, 37.580254554748535, 43.62842321395874]",6.0481686592,36.8257060051,1,GTX 960,i5-7600 @ 3.5GHz,SSD,1
62,,Apex,"{'move_time': 0.0, 'kill_mode': 'keyboard', 'window_names': ['Apex Legends']}",2021-12-16 12:15:24.222552832,41.9476120472,"[0.22027182579040527, 26.788159608840942, 35.099814891815186, 35.67489790916443, 41.71971344947815]",6.0448155403,34.879543066,2,GTX 960,i5-7600 @ 3.5GHz,SSD,1
63,,Apex,"{'move_time': 0.0, 'kill_mode': 'keyboard', 'window_names': ['Apex Legends']}",2021-12-16 12:16:17.126580992,40.0887458324,"[0.22012639045715332, 26.784912824630737, 34.144970178604126, 34.61523222923279, 39.862346172332764]",5.2471139431000005,33.9248437881,3,GTX 960,i5-7600 @ 3.5GHz,SSD,1
64,,Apex,"{'move_time': 0.0, 'kill_mode': 'keyboard', 'window_names': ['Apex Legends']}",2021-12-16 12:17:08.183419136,41.8268578053,"[0.2389979362487793, 26.832860469818115, 35.11126923561096, 35.64334034919739, 41.59846806526184]",5.9551277161,34.8722712994,4,GTX 960,i5-7600 @ 3.5GHz,SSD,1
65,,Apex,"{'move_time': 0.0, 'kill_mode': 'keyboard', 'window_names': ['Apex Legends']}",2021-12-16 12:18:01.025569792,40.2455155849,"[0.21383929252624512, 26.551913261413574, 34.1452796459198, 34.67773962020874, 40.0201199054718]",5.3423802853,33.9314403534,5,GTX 960,i5-7600 @ 3.5GHz,SSD,1
66,,Apex,"{'move_time': 0.0, 'kill_mode': 'keyboard', 'window_names': ['Apex Legends']}",2021-12-16 12:18:52.224652800,40.8964312077,"[0.22354841232299805, 26.524644374847412, 34.881338357925415, 35.42111039161682, 40.67003870010376]",5.2489283085,34.6577899456,6,GTX 960,i5-7600 @ 3.5GHz,SSD,1
67,,Apex,"{'move_time': 0.0, 'kill_mode': 'keyboard', 'window_names': ['Apex Legends']}",2021-12-16 12:19:44.148878080,41.4513485432,"[0.2387702465057373, 26.143353700637817, 34.649906873703, 35.172117710113525, 41.24059510231018]",6.0684773922,34.4111366272,7,GTX 960,i5-7600 @ 3.5GHz,SSD,1
68,,Apex,"{'move_time': 0.0, 'kill_mode': 'keyboard', 'window_names': ['Apex Legends']}",2021-12-16 12:20:36.557922560,40.9457890987,"[0.23899245262145996, 26.964041709899902, 34.55054759979248, 35.02339148521423, 40.72186279296875]",5.6984713078,34.311555147199996,8,GTX 960,i5-7600 @ 3.5GHz,SSD,1
69,,Apex,"{'move_time': 0.0, 'kill_mode': 'keyboard', 'window_names': ['Apex Legends']}",2021-12-16 12:21:28.512166912,41.2750360966,"[0.2178647518157959, 26.92799401283264, 34.49219799041748, 35.019031286239624, 41.032007694244385]",6.012976408,34.2743332386,9,GTX 960,i5-7600 @ 3.5GHz,SSD,1
70,,Hearthstone,"{'move_time': 0.0, 'kill_mode': 'os', 'process_name': ['Hearth', 'Battle'], 'window_names': ['Battle.net', 'Hearthstone']}",2021-12-16 12:22:20.751124736,43.8479478359,"[0.2279045581817627, 10.362074851989746, 33.534687519073486, 43.62252879142761]",10.0878412724,23.1726126671,0,GTX 960,i5-7600 @ 3.5GHz,SSD,1
71,,Hearthstone,"{'move_time': 0.0, 'kill_mode': 'os', 'process_name': ['Hearth', 'Battle'], 'window_names': ['Battle.net', 'Hearthstone']}",2021-12-16 12:23:18.416722688,33.653075695,"[0.20100069046020508, 7.114959478378296, 24.316386699676514, 33.431533336639404]",9.115146637,17.2014272213,1,GTX 960,i5-7600 @ 3.5GHz,SSD,1
72,,Hearthstone,"{'move_time': 0.0, 'kill_mode': 'os', 'process_name': ['Hearth', 'Battle'], 'window_names': ['Battle.net', 'Hearthstone']}",2021-12-16 12:24:05.833819904,32.1614353657,"[0.2194221019744873, 7.264074325561523, 23.512815713882446, 31.93900179862976]",8.4261860847,16.2487413883,2,GTX 960,i5-7600 @ 3.5GHz,SSD,1
73,,Hearthstone,"{'move_time': 0.0, 'kill_mode': 'os', 'process_name': ['Hearth', 'Battle'], 'window_names': ['Battle.net', 'Hearthstone']}",2021-12-16 12:24:51.724132352,32.3413603306,"[0.21306538581848145, 6.580655097961426, 22.959200143814087, 32.12690591812134]",9.1677057743,16.3785450459,3,GTX 960,i5-7600 @ 3.5GHz,SSD,1
74,,Hearthstone,"{'move_time': 0.0, 'kill_mode': 'os', 'process_name': ['Hearth', 'Battle'], 'window_names': ['Battle.net', 'Hearthstone']}",2021-12-16 12:25:37.815284480,31.0292043686,"[0.23869109153747559, 6.703016996383667, 22.368412971496582, 30.810761213302612]",8.4423482418,15.665395975100001,4,GTX 960,i5-7600 @ 3.5GHz,SSD,1
75,,Hearthstone,"{'move_time': 0.0, 'kill_mode': 'os', 'process_name': ['Hearth', 'Battle'], 'window_names': ['Battle.net', 'Hearthstone']}",2021-12-16 12:26:22.607362304,31.0581533909,"[0.22810125350952148, 6.578510522842407, 22.428030967712402, 30.82856035232544]",8.4005293846,15.8495204449,5,GTX 960,i5-7600 @ 3.5GHz,SSD,1
76,,Hearthstone,"{'move_time': 0.0, 'kill_mode': 'os', 'process_name': ['Hearth', 'Battle'], 'window_names': ['Battle.net', 'Hearthstone']}",2021-12-16 12:27:07.431483904,33.572435617400004,"[0.20465707778930664, 7.235357284545898, 23.52195715904236, 33.35792422294617]",9.8359670639,16.2865998745,6,GTX 960,i5-7600 @ 3.5GHz,SSD,1
77,,Hearthstone,"{'move_time': 0.0, 'kill_mode': 'os', 'process_name': ['Hearth', 'Battle'], 'window_names': ['Battle.net', 'Hearthstone']}",2021-12-16 12:27:54.761455360,33.5525648594,"[0.2075364589691162, 7.220463275909424, 24.13406729698181, 33.327167987823486]",9.1931006908,16.9136040211,7,GTX 960,i5-7600 @ 3.5GHz,SSD,1
78,,Hearthstone,"{'move_time': 0.0, 'kill_mode': 'os', 'process_name': ['Hearth', 'Battle'], 'window_names': ['Battle.net', 'Hearthstone']}",2021-12-16 12:28:42.014848000,32.2444062233,"[0.20375466346740723, 6.4383745193481445, 22.845319271087646, 32.03330659866333]",9.1879873276,16.4069447517,8,GTX 960,i5-7600 @ 3.5GHz,SSD,1
79,,Hearthstone,"{'move_time': 0.0, 'kill_mode': 'os', 'process_name': ['Hearth', 'Battle'], 'window_names': ['Battle.net', 'Hearthstone']}",2021-12-16 12:29:28.013801216,31.7204988003,"[0.22039794921875, 7.330888271331787, 23.063149452209473, 31.510056734085083]",8.4469072819,15.7322611809,9,GTX 960,i5-7600 @ 3.5GHz,SSD,1
80,,Minecraft,"{'window_names': ['Minecraft Launcher', 'Minecraft 1.18.1'], 'move_time': 0.0, 'kill_mode': 'keyboard'}",2021-12-17 14:45:38.526884864,51.8498749733,"[0.252612829208374, 3.3458597660064697, 26.450994968414307, 27.265660285949707, 50.60614275932312]",23.3404824734,23.1051352024,0,GTX 960,i5-6500 @ 3.20GHz,SSD,2
81,,Minecraft,"{'window_names': ['Minecraft Launcher', 'Minecraft 1.18.1'], 'move_time': 0.0, 'kill_mode': 'keyboard'}",2021-12-17 14:46:52.199699968,48.0665154457,"[0.26768016815185547, 3.2881739139556885, 24.163661241531372, 24.987801790237427, 46.87663745880127]",21.8888356686,20.8754873276,1,GTX 960,i5-6500 @ 3.20GHz,SSD,2
82,,Minecraft,"{'window_names': ['Minecraft Launcher', 'Minecraft 1.18.1'], 'move_time': 0.0, 'kill_mode': 'keyboard'}",2021-12-17 14:48:02.164569856,47.0997180939,"[0.2610154151916504, 3.307849884033203, 23.552413940429688, 24.371915340423584, 45.96669292449951]",21.5947775841,20.2445640564,2,GTX 960,i5-6500 @ 3.20GHz,SSD,2
83,,Minecraft,"{'window_names': ['Minecraft Launcher', 'Minecraft 1.18.1'], 'move_time': 0.0, 'kill_mode': 'keyboard'}",2021-12-17 14:49:11.157492480,50.0523948669,"[0.26128172874450684, 4.005817413330078, 26.064364671707153, 26.846181631088257, 48.85653352737427]",22.0103518963,22.0585472584,3,GTX 960,i5-6500 @ 3.20GHz,SSD,2
84,,Minecraft,"{'window_names': ['Minecraft Launcher', 'Minecraft 1.18.1'], 'move_time': 0.0, 'kill_mode': 'keyboard'}",2021-12-17 14:50:22.997472000,72.9389543533,"[0.2755467891693115, 3.317103147506714, 23.667596578598022, 24.499605417251587, 72.08321022987366]",47.5836048126,20.3504934311,4,GTX 960,i5-6500 @ 3.20GHz,SSD,2
85,,Minecraft,"{'window_names': ['Minecraft Launcher', 'Minecraft 1.18.1'], 'move_time': 0.0, 'kill_mode': 'keyboard'}",2021-12-17 14:51:57.675873024,48.5634562969,"[0.270216703414917, 3.3535611629486084, 25.671448469161987, 26.461150646209717, 47.468324184417725]",21.0071735382,22.3178873062,5,GTX 960,i5-6500 @ 3.20GHz,SSD,2
86,,Minecraft,"{'window_names': ['Minecraft Launcher', 'Minecraft 1.18.1'], 'move_time': 0.0, 'kill_mode': 'keyboard'}",2021-12-17 14:53:08.140145920,49.1649773121,"[0.28423213958740234, 3.339555025100708, 24.02394199371338, 24.843998432159424, 47.53226065635681]",22.6882622242,20.6843869686,6,GTX 960,i5-6500 @ 3.20GHz,SSD,2
87,,Minecraft,"{'window_names': ['Minecraft Launcher', 'Minecraft 1.18.1'], 'move_time': 0.0, 'kill_mode': 'keyboard'}",2021-12-17 14:54:19.045639936,48.1660606861,"[0.25902867317199707, 3.3032007217407227, 23.706828117370605, 25.28893542289734, 46.879932165145874]",21.5909967422,20.4036273956,7,GTX 960,i5-6500 @ 3.20GHz,SSD,2
88,,Minecraft,"{'window_names': ['Minecraft Launcher', 'Minecraft 1.18.1'], 'move_time': 0.0, 'kill_mode': 'keyboard'}",2021-12-17 14:55:28.946936064,47.7345087528,"[0.2696819305419922, 3.3364720344543457, 24.310651302337646, 25.12244749069214, 46.46134948730469]",21.3389019966,20.9741792679,8,GTX 960,i5-6500 @ 3.20GHz,SSD,2
89,,Minecraft,"{'window_names': ['Minecraft Launcher', 'Minecraft 1.18.1'], 'move_time': 0.0, 'kill_mode': 'keyboard'}",2021-12-17 14:56:38.961076480,50.7438967228,"[0.2587308883666992, 4.0601489543914795, 25.64908719062805, 26.48157262802124, 49.458277463912964]",22.9767048359,21.5889382362,9,GTX 960,i5-6500 @ 3.20GHz,SSD,2
90,,CSGO,"{'process_name': ['csgo.exe'], 'move_time': 0.5, 'kill_mode': 'os', 'window_names': ['Counter-Strike: Global Offensive']}",2021-12-17 14:57:51.344372992,62.2637560368,"[0.2735607624053955, 23.505816221237183, 25.719947576522827, 27.029476404190063, 28.37872862815857, 58.97704195976257, 61.147928953170776]",30.5983133316,2.2141313553,0,GTX 960,i5-6500 @ 3.20GHz,SSD,2
91,,CSGO,"{'process_name': ['csgo.exe'], 'move_time': 0.5, 'kill_mode': 'os', 'window_names': ['Counter-Strike: Global Offensive']}",2021-12-17 14:59:19.077671680,52.757922411,"[0.30517125129699707, 23.313682794570923, 25.430270671844482, 26.749902486801147, 28.097742319107056, 49.51128816604614, 51.646735191345215]",21.4135458469,2.1165878773,1,GTX 960,i5-6500 @ 3.20GHz,SSD,2
92,,CSGO,"{'process_name': ['csgo.exe'], 'move_time': 0.5, 'kill_mode': 'os', 'window_names': ['Counter-Strike: Global Offensive']}",2021-12-17 15:00:37.234731776,60.6823768616,"[0.2993910312652588, 23.33524441719055, 25.436043977737427, 26.75801420211792, 28.08963441848755, 57.35170817375183, 59.566688537597656]",29.2620737553,2.1007995605,2,GTX 960,i5-6500 @ 3.20GHz,SSD,2
93,,CSGO,"{'process_name': ['csgo.exe'], 'move_time': 0.5, 'kill_mode': 'os', 'window_names': ['Counter-Strike: Global Offensive']}",2021-12-17 15:02:03.149800192,57.5583219528,"[0.28264427185058594, 23.35165238380432, 25.493452787399292, 26.829116582870483, 28.17982530593872, 50.3891716003418, 56.43113660812378]",22.2093462944,2.1418004036,3,GTX 960,i5-6500 @ 3.20GHz,SSD,2
94,,CSGO,"{'process_name': ['csgo.exe'], 'move_time': 0.5, 'kill_mode': 'os', 'window_names': ['Counter-Strike: Global Offensive']}",2021-12-17 15:03:25.998955776,52.8804762363,"[0.268190860748291, 23.3952374458313, 25.507689952850342, 26.826997995376587, 28.157708644866943, 49.61000347137451, 51.77144169807434]",21.4522948265,2.112452507,4,GTX 960,i5-6500 @ 3.20GHz,SSD,2
95,,CSGO,"{'process_name': ['csgo.exe'], 'move_time': 0.5, 'kill_mode': 'os', 'window_names': ['Counter-Strike: Global Offensive']}",2021-12-17 15:04:44.269040896,58.4742333889,"[0.2808654308319092, 23.36261510848999, 25.502881288528442, 26.820945024490356, 28.158016681671143, 51.20329761505127, 57.36039090156555]",23.0452809334,2.14026618,5,GTX 960,i5-6500 @ 3.20GHz,SSD,2
96,,CSGO,"{'process_name': ['csgo.exe'], 'move_time': 0.5, 'kill_mode': 'os', 'window_names': ['Counter-Strike: Global Offensive']}",2021-12-17 15:06:07.915102976,51.9380068779,"[0.2997863292694092, 23.315707206726074, 25.423457622528076, 26.74610948562622, 28.073017835617065, 48.73843026161194, 50.822489500045776]",20.665412426,2.1077504158,6,GTX 960,i5-6500 @ 3.20GHz,SSD,2
97,,CSGO,"{'process_name': ['csgo.exe'], 'move_time': 0.5, 'kill_mode': 'os', 'window_names': ['Counter-Strike: Global Offensive']}",2021-12-17 15:07:24.997965824,51.2233247757,"[0.2975802421569824, 23.28331708908081, 25.384512424468994, 26.72420382499695, 28.074495553970337, 47.9605507850647, 50.110875606536865]",19.8860552311,2.1011953354,7,GTX 960,i5-6500 @ 3.20GHz,SSD,2
98,,CSGO,"{'process_name': ['csgo.exe'], 'move_time': 0.5, 'kill_mode': 'os', 'window_names': ['Counter-Strike: Global Offensive']}",2021-12-17 15:08:41.397237760,54.6946744919,"[0.2821774482727051, 23.358805179595947, 25.48878288269043, 26.812859773635864, 28.174880027770996, 51.37383842468262, 53.584643602371216]",23.1989583969,2.1299777031,8,GTX 960,i5-6500 @ 3.20GHz,SSD,2
99,,CSGO,"{'process_name': ['csgo.exe'], 'move_time': 0.5, 'kill_mode': 'os', 'window_names': ['Counter-Strike: Global Offensive']}",2021-12-17 15:10:01.595196928,52.753319025,"[0.28447508811950684, 23.28587508201599, 25.402459144592285, 26.724497318267822, 28.08470058441162, 49.491292238235474, 51.63744306564331]",21.4065916538,2.1165840626,9,GTX 960,i5-6500 @ 3.20GHz,SSD,2
100,,Apex,"{'move_time': 0.0, 'kill_mode': 'keyboard', 'window_names': ['Apex Legends']}",2021-12-17 15:11:19.728738816,43.8833603859,"[0.25240612030029297, 28.07716155052185, 36.059030532836914, 36.91178107261658, 43.358731269836426]",6.4469501972,35.8066244125,0,GTX 960,i5-6500 @ 3.20GHz,SSD,2
101,,Apex,"{'move_time': 0.0, 'kill_mode': 'keyboard', 'window_names': ['Apex Legends']}",2021-12-17 15:12:25.083465472,44.7487072945,"[0.2605624198913574, 29.06541419029236, 37.725584506988525, 38.56838941574097, 44.203993797302246]",5.6356043816,37.4650220871,1,GTX 960,i5-6500 @ 3.20GHz,SSD,2
102,,Apex,"{'move_time': 0.0, 'kill_mode': 'keyboard', 'window_names': ['Apex Legends']}",2021-12-17 15:13:31.336594176,43.7855424881,"[0.24235963821411133, 28.21384048461914, 36.863062143325806, 37.692402601242065, 43.26241946220398]",5.570016861,36.6207025051,2,GTX 960,i5-6500 @ 3.20GHz,SSD,2
103,,Apex,"{'move_time': 0.0, 'kill_mode': 'keyboard', 'window_names': ['Apex Legends']}",2021-12-17 15:14:36.614024448,44.6109600067,"[0.26234865188598633, 28.175604343414307, 36.81701946258545, 37.65329575538635, 44.074395179748535]",6.4210994244,36.5546708107,3,GTX 960,i5-6500 @ 3.20GHz,SSD,2
104,,Apex,"{'move_time': 0.0, 'kill_mode': 'keyboard', 'window_names': ['Apex Legends']}",2021-12-17 15:15:42.735435520,44.5101442337,"[0.24131321907043457, 28.110240697860718, 37.4977331161499, 38.337955713272095, 43.98554706573486]",5.6475913525,37.2564198971,4,GTX 960,i5-6500 @ 3.20GHz,SSD,2
105,,Apex,"{'move_time': 0.0, 'kill_mode': 'keyboard', 'window_names': ['Apex Legends']}",2021-12-17 15:16:48.712957952,43.7668831348,"[0.24560856819152832, 28.067500114440918, 36.736955642700195, 37.58341073989868, 43.216322898864746]",5.632912159,36.4913470745,5,GTX 960,i5-6500 @ 3.20GHz,SSD,2
106,,Apex,"{'move_time': 0.0, 'kill_mode': 'keyboard', 'window_names': ['Apex Legends']}",2021-12-17 15:17:54.016657408,44.5267570019,"[0.2590019702911377, 28.849940538406372, 36.74721074104309, 37.586952447891235, 43.98021841049194]",6.3932659626,36.4882087708,6,GTX 960,i5-6500 @ 3.20GHz,SSD,2
107,,Apex,"{'move_time': 0.0, 'kill_mode': 'keyboard', 'window_names': ['Apex Legends']}",2021-12-17 15:19:00.013495040,44.6467928886,"[0.2649376392364502, 28.98047971725464, 36.892589807510376, 37.74232840538025, 44.12642025947571]",6.3840918541,36.6276521683,7,GTX 960,i5-6500 @ 3.20GHz,SSD,2
108,,Apex,"{'move_time': 0.0, 'kill_mode': 'keyboard', 'window_names': ['Apex Legends']}",2021-12-17 15:20:06.183246336,43.7859628201,"[0.25804877281188965, 28.14221501350403, 36.797059774398804, 37.62500262260437, 43.25635600090027]",5.6313533783,36.5390110016,8,GTX 960,i5-6500 @ 3.20GHz,SSD,2
109,,Apex,"{'move_time': 0.0, 'kill_mode': 'keyboard', 'window_names': ['Apex Legends']}",2021-12-17 15:21:11.428929792,46.3855352402,"[0.2763843536376953, 30.667226791381836, 39.37030029296875, 40.21441888809204, 45.84048628807068]",5.6260674,39.0939159393,9,GTX 960,i5-6500 @ 3.20GHz,SSD,2
110,,Hearthstone,"{'move_time': 0.0, 'kill_mode': 'os', 'process_name': ['Hearth', 'Battle'], 'window_names': ['Battle.net', 'Hearthstone']}",2021-12-17 15:22:19.310836736,34.8754191399,"[0.26148104667663574, 8.776610136032104, 26.137397289276123, 34.35695028305054]",8.2195529938,17.3607871532,0,GTX 960,i5-6500 @ 3.20GHz,SSD,2
111,,Hearthstone,"{'move_time': 0.0, 'kill_mode': 'os', 'process_name': ['Hearth', 'Battle'], 'window_names': ['Battle.net', 'Hearthstone']}",2021-12-17 15:23:18.661775104,42.8279435635,"[0.26108551025390625, 15.391157865524292, 32.633835554122925, 42.28699564933777]",9.6531600952,17.2426776886,1,GTX 960,i5-6500 @ 3.20GHz,SSD,2
112,,Hearthstone,"{'move_time': 0.0, 'kill_mode': 'os', 'process_name': ['Hearth', 'Battle'], 'window_names': ['Battle.net', 'Hearthstone']}",2021-12-17 15:24:25.945718016,36.0504939556,"[0.24416375160217285, 8.638866901397705, 25.874647617340088, 35.52219223976135]",9.6475446224,17.2357807159,2,GTX 960,i5-6500 @ 3.20GHz,SSD,2
113,,Hearthstone,"{'move_time': 0.0, 'kill_mode': 'os', 'process_name': ['Hearth', 'Battle'], 'window_names': ['Battle.net', 'Hearthstone']}",2021-12-17 15:25:26.478494976,42.0650455952,"[0.25993967056274414, 15.085012435913086, 32.583802223205566, 41.539658069610596]",8.9558558464,17.4987897873,3,GTX 960,i5-6500 @ 3.20GHz,SSD,2
114,,Hearthstone,"{'move_time': 0.0, 'kill_mode': 'os', 'process_name': ['Hearth', 'Battle'], 'window_names': ['Battle.net', 'Hearthstone']}",2021-12-17 15:26:33.044404480,42.9380741119,"[0.27542901039123535, 15.500022649765015, 32.73150682449341, 42.41010665893555]",9.6785998344,17.2314841747,4,GTX 960,i5-6500 @ 3.20GHz,SSD,2
115,,Hearthstone,"{'move_time': 0.0, 'kill_mode': 'os', 'process_name': ['Hearth', 'Battle'], 'window_names': ['Battle.net', 'Hearthstone']}",2021-12-17 15:27:40.460553216,36.1454603672,"[0.24414300918579102, 9.419958114624023, 26.65126061439514, 35.62836742401123]",8.9771068096,17.2313024998,5,GTX 960,i5-6500 @ 3.20GHz,SSD,2
116,,Hearthstone,"{'move_time': 0.0, 'kill_mode': 'os', 'process_name': ['Hearth', 'Battle'], 'window_names': ['Battle.net', 'Hearthstone']}",2021-12-17 15:28:41.058403328,41.8698713779,"[0.2603583335876465, 15.119861841201782, 32.39452242851257, 41.340251207351685]",8.9457287788,17.2746605873,6,GTX 960,i5-6500 @ 3.20GHz,SSD,2
117,,Hearthstone,"{'move_time': 0.0, 'kill_mode': 'os', 'process_name': ['Hearth', 'Battle'], 'window_names': ['Battle.net', 'Hearthstone']}",2021-12-17 15:29:47.392625920,42.102118969,"[0.24398493766784668, 15.377278566360474, 32.65328121185303, 41.5865478515625]",8.9332666397,17.2760026455,7,GTX 960,i5-6500 @ 3.20GHz,SSD,2
118,,Hearthstone,"{'move_time': 0.0, 'kill_mode': 'os', 'process_name': ['Hearth', 'Battle'], 'window_names': ['Battle.net', 'Hearthstone']}",2021-12-17 15:30:53.958484992,34.0545301437,"[0.2443082332611084, 7.873794078826904, 24.59991431236267, 33.53388500213623]",8.9339706898,16.7261202335,8,GTX 960,i5-6500 @ 3.20GHz,SSD,2
119,,Hearthstone,"{'move_time': 0.0, 'kill_mode': 'os', 'process_name': ['Hearth', 'Battle'], 'window_names': ['Battle.net', 'Hearthstone']}",2021-12-17 15:31:52.523580928,34.6229274273,"[0.24407339096069336, 7.7917492389678955, 25.065921545028687, 34.1023952960968]",9.0364737511,17.2741723061,9,GTX 960,i5-6500 @ 3.20GHz,SSD,2
120,,Minecraft,"{'window_names': ['Minecraft Launcher', 'Minecraft 1.18.1'], 'move_time': 0.0, 'kill_mode': 'keyboard'}",2021-12-16 16:41:29.758374656,61.8441081047,"[0.24439001083374023, 3.1105315685272217, 21.038853883743286, 21.83336877822876, 61.09141969680786]",39.2580509186,17.9283223152,0,Radeon HD 6800,i5-7600 @ 3.5GHz,SSD,3
121,,Minecraft,"{'window_names': ['Minecraft Launcher', 'Minecraft 1.18.1'], 'move_time': 0.0, 'kill_mode': 'keyboard'}",2021-12-16 16:42:53.171595008,59.9310083389,"[0.2562732696533203, 3.291306734085083, 20.393940687179565, 22.041896104812622, 58.79456353187561]",36.7526674271,17.1026339531,1,Radeon HD 6800,i5-7600 @ 3.5GHz,SSD,3
122,,Minecraft,"{'window_names': ['Minecraft Launcher', 'Minecraft 1.18.1'], 'move_time': 0.0, 'kill_mode': 'keyboard'}",2021-12-16 16:44:14.691118592,65.8721115589,"[0.2586944103240967, 3.1421077251434326, 20.08299708366394, 20.941985845565796, 65.2327733039856]",44.2907874584,16.9408893585,2,Radeon HD 6800,i5-7600 @ 3.5GHz,SSD,3
123,,Minecraft,"{'window_names': ['Minecraft Launcher', 'Minecraft 1.18.1'], 'move_time': 0.0, 'kill_mode': 'keyboard'}",2021-12-16 16:45:42.020110080,67.484110117,"[0.2893373966217041, 3.19296932220459, 21.028040647506714, 21.85145354270935, 66.92463994026184]",45.0731863976,17.8350713253,3,Radeon HD 6800,i5-7600 @ 3.5GHz,SSD,3
124,,Minecraft,"{'window_names': ['Minecraft Launcher', 'Minecraft 1.18.1'], 'move_time': 0.0, 'kill_mode': 'keyboard'}",2021-12-16 16:47:11.002757888,66.0338196754,"[0.2507038116455078, 3.1357028484344482, 20.757084608078003, 21.578931093215942, 65.363032579422]",43.7841014862,17.6213817596,4,Radeon HD 6800,i5-7600 @ 3.5GHz,SSD,3
125,,Minecraft,"{'window_names': ['Minecraft Launcher', 'Minecraft 1.18.1'], 'move_time': 0.0, 'kill_mode': 'keyboard'}",2021-12-16 16:48:38.501572096,63.1675977707,"[0.25517988204956055, 3.1442816257476807, 21.79465079307556, 22.582282304763794, 62.35204482078552]",39.769762516,18.6503691673,5,Radeon HD 6800,i5-7600 @ 3.5GHz,SSD,3
126,,Minecraft,"{'window_names': ['Minecraft Launcher', 'Minecraft 1.18.1'], 'move_time': 0.0, 'kill_mode': 'keyboard'}",2021-12-16 16:50:03.234584576,63.4432377815,"[0.2787051200866699, 3.277691125869751, 21.295159339904785, 22.109755516052246, 62.87821984291077]",40.7684643269,18.017468214,6,Radeon HD 6800,i5-7600 @ 3.5GHz,SSD,3
127,,Minecraft,"{'window_names': ['Minecraft Launcher', 'Minecraft 1.18.1'], 'move_time': 0.0, 'kill_mode': 'keyboard'}",2021-12-16 16:51:28.128937984,57.4382786751,"[0.23374700546264648, 3.1231837272644043, 20.601417064666748, 21.406400203704834, 56.54243326187134]",35.1360330582,17.4782333374,7,Radeon HD 6800,i5-7600 @ 3.5GHz,SSD,3
128,,Minecraft,"{'window_names': ['Minecraft Launcher', 'Minecraft 1.18.1'], 'move_time': 0.0, 'kill_mode': 'keyboard'}",2021-12-16 16:52:47.166882816,63.0652520657,"[0.2436537742614746, 3.129746437072754, 20.731862783432007, 21.52795696258545, 62.49176907539368]",40.9638121128,17.6021163464,8,Radeon HD 6800,i5-7600 @ 3.5GHz,SSD,3
129,,Minecraft,"{'window_names': ['Minecraft Launcher', 'Minecraft 1.18.1'], 'move_time': 0.0, 'kill_mode': 'keyboard'}",2021-12-16 16:54:11.732871680,66.8250932693,"[0.23783564567565918, 3.2205822467803955, 21.061931133270264, 21.976046562194824, 66.23766374588013]",44.2616171837,17.8413488865,9,Radeon HD 6800,i5-7600 @ 3.5GHz,SSD,3
130,,CSGO,"{'process_name': ['csgo.exe'], 'move_time': 0.5, 'kill_mode': 'os', 'window_names': ['Counter-Strike: Global Offensive']}",2021-12-16 16:55:40.032207616,59.4780263901,"[0.22971677780151367, 26.272610902786255, 28.32140040397644, 29.600964784622192, 30.89937710762024, 56.28625273704529, 58.36414837837219]",25.3868756294,2.0487895012,0,Radeon HD 6800,i5-7600 @ 3.5GHz,SSD,3
131,,CSGO,"{'process_name': ['csgo.exe'], 'move_time': 0.5, 'kill_mode': 'os', 'window_names': ['Counter-Strike: Global Offensive']}",2021-12-16 16:57:03.096304896,58.9989016056,"[0.2320401668548584, 20.71198558807373, 22.745707035064697, 24.029509782791138, 25.320624589920044, 55.72995376586914, 57.89266037940979]",30.4093291759,2.033721447,1,Radeon HD 6800,i5-7600 @ 3.5GHz,SSD,3
132,,CSGO,"{'process_name': ['csgo.exe'], 'move_time': 0.5, 'kill_mode': 'os', 'window_names': ['Counter-Strike: Global Offensive']}",2021-12-16 16:58:25.772496640,54.8947038651,"[0.2536890506744385, 20.756745100021362, 22.760254383087158, 24.022836208343506, 25.302971124649048, 48.0027756690979, 53.78809356689453]",22.6998045444,2.0035092831,2,Radeon HD 6800,i5-7600 @ 3.5GHz,SSD,3
133,,CSGO,"{'process_name': ['csgo.exe'], 'move_time': 0.5, 'kill_mode': 'os', 'window_names': ['Counter-Strike: Global Offensive']}",2021-12-16 16:59:44.299009792,54.9670202732,"[0.24322199821472168, 21.541626930236816, 23.568199157714844, 24.861267805099487, 26.179004430770874, 51.643073320388794, 53.85599112510681]",25.4640688896,2.0265722275,3,Radeon HD 6800,i5-7600 @ 3.5GHz,SSD,3
134,,CSGO,"{'process_name': ['csgo.exe'], 'move_time': 0.5, 'kill_mode': 'os', 'window_names': ['Counter-Strike: Global Offensive']}",2021-12-16 17:01:02.904704512,51.5416166782,"[0.26903843879699707, 21.3993558883667, 23.410789012908936, 24.677802324295044, 25.967346668243408, 48.29287791252136, 50.439396381378174]",22.3255312443,2.0114331245,4,Radeon HD 6800,i5-7600 @ 3.5GHz,SSD,3
135,,CSGO,"{'process_name': ['csgo.exe'], 'move_time': 0.5, 'kill_mode': 'os', 'window_names': ['Counter-Strike: Global Offensive']}",2021-12-16 17:02:17.958447872,59.4348289967,"[0.2646641731262207, 20.87310028076172, 22.93901252746582, 24.225000143051147, 25.530245304107666, 56.090797424316406, 58.326266288757324]",30.5605521202,2.0659122467,5,Radeon HD 6800,i5-7600 @ 3.5GHz,SSD,3
136,,CSGO,"{'process_name': ['csgo.exe'], 'move_time': 0.5, 'kill_mode': 'os', 'window_names': ['Counter-Strike: Global Offensive']}",2021-12-16 17:03:40.884161280,51.5662124157,"[0.253997802734375, 20.931108236312866, 22.998120307922363, 24.260552406311035, 25.545313358306885, 48.22520422935486, 50.45943307876587]",22.679890871,2.0670120716,6,Radeon HD 6800,i5-7600 @ 3.5GHz,SSD,3
137,,CSGO,"{'process_name': ['csgo.exe'], 'move_time': 0.5, 'kill_mode': 'os', 'window_names': ['Counter-Strike: Global Offensive']}",2021-12-16 17:04:56.062041600,48.0284967422,"[0.2747786045074463, 21.504910230636597, 23.51610803604126, 24.80153727531433, 26.079845190048218, 44.71683096885681, 46.91261053085327]",18.6369857788,2.0111978054,7,Radeon HD 6800,i5-7600 @ 3.5GHz,SSD,3
138,,CSGO,"{'process_name': ['csgo.exe'], 'move_time': 0.5, 'kill_mode': 'os', 'window_names': ['Counter-Strike: Global Offensive']}",2021-12-16 17:06:07.608199424,49.2083067894,"[0.2464001178741455, 20.74033260345459, 22.785736799240112, 24.076119899749756, 25.39376211166382, 45.938271284103394, 48.10524296760559]",20.5445091724,2.0454041958,8,Radeon HD 6800,i5-7600 @ 3.5GHz,SSD,3
139,,CSGO,"{'process_name': ['csgo.exe'], 'move_time': 0.5, 'kill_mode': 'os', 'window_names': ['Counter-Strike: Global Offensive']}",2021-12-16 17:07:20.414072320,53.1701338291,"[0.25191760063171387, 21.162487268447876, 23.17363667488098, 24.45313572883606, 25.742345571517944, 49.84738755226135, 52.07045865058899]",24.1050419807,2.0111494064,9,Radeon HD 6800,i5-7600 @ 3.5GHz,SSD,3
140,,Apex,"{'move_time': 0.0, 'kill_mode': 'keyboard', 'window_names': ['Apex Legends']}",2021-12-16 17:08:37.143780352,51.5410466194,"[0.25820279121398926, 28.788995504379272, 41.663618087768555, 43.299824237823486, 50.99346590042114]",7.6936416626,41.4054152966,0,Radeon HD 6800,i5-7600 @ 3.5GHz,SSD,3
141,,Apex,"{'move_time': 0.0, 'kill_mode': 'keyboard', 'window_names': ['Apex Legends']}",2021-12-16 17:09:50.152409088,48.1226706505,"[0.25196003913879395, 26.08000659942627, 38.25743865966797, 39.8650803565979, 47.550689458847046]",7.6856091022,38.0054786205,1,Radeon HD 6800,i5-7600 @ 3.5GHz,SSD,3
142,,Apex,"{'move_time': 0.0, 'kill_mode': 'keyboard', 'window_names': ['Apex Legends']}",2021-12-16 17:10:59.738711296,49.0495231152,"[0.21495795249938965, 27.544777631759644, 38.42091655731201, 40.01611852645874, 48.51495146751404]",8.4988329411,38.2059586048,2,Radeon HD 6800,i5-7600 @ 3.5GHz,SSD,3
143,,Apex,"{'move_time': 0.0, 'kill_mode': 'keyboard', 'window_names': ['Apex Legends']}",2021-12-16 17:12:10.277317376,48.5163631439,"[0.24047327041625977, 25.178256273269653, 38.61556673049927, 40.26257085800171, 47.983269691467285]",7.7206988335,38.3750934601,3,Radeon HD 6800,i5-7600 @ 3.5GHz,SSD,3
144,,Apex,"{'move_time': 0.0, 'kill_mode': 'keyboard', 'window_names': ['Apex Legends']}",2021-12-16 17:13:20.318242304,47.5045862198,"[0.21686911582946777, 25.147632837295532, 37.66094946861267, 39.22130370140076, 46.96600890159607]",7.7447052002,37.4440803528,4,Radeon HD 6800,i5-7600 @ 3.5GHz,SSD,3
145,,Apex,"{'move_time': 0.0, 'kill_mode': 'keyboard', 'window_names': ['Apex Legends']}",2021-12-16 17:14:29.283836160,48.4175560474,"[0.24862360954284668, 26.01848864555359, 37.87682580947876, 39.53595852851868, 47.88945913314819]",8.3535006046,37.6282021999,5,Radeon HD 6800,i5-7600 @ 3.5GHz,SSD,3
146,,Apex,"{'move_time': 0.0, 'kill_mode': 'keyboard', 'window_names': ['Apex Legends']}",2021-12-16 17:15:39.198821632,48.003428936,"[0.22994637489318848, 26.292717218399048, 38.192591190338135, 39.84229373931885, 47.469813108444214]",7.6275193691,37.9626448154,6,Radeon HD 6800,i5-7600 @ 3.5GHz,SSD,3
147,,Apex,"{'move_time': 0.0, 'kill_mode': 'keyboard', 'window_names': ['Apex Legends']}",2021-12-16 17:16:48.682684672,48.6521875858,"[0.260577917098999, 25.28929615020752, 38.74637579917908, 40.40018820762634, 48.079105615615845]",7.678917408,38.4857978821,7,Radeon HD 6800,i5-7600 @ 3.5GHz,SSD,3
148,,Apex,"{'move_time': 0.0, 'kill_mode': 'keyboard', 'window_names': ['Apex Legends']}",2021-12-16 17:17:58.848090624,47.4744331837,"[0.23208141326904297, 25.169940948486328, 37.58765196800232, 39.19629526138306, 46.931063413619995]",7.7347681522,37.3555705547,8,Radeon HD 6800,i5-7600 @ 3.5GHz,SSD,3
149,,Apex,"{'move_time': 0.0, 'kill_mode': 'keyboard', 'window_names': ['Apex Legends']}",2021-12-16 17:19:07.783961600,48.6596155167,"[0.22987914085388184, 26.266167163848877, 38.64507174491882, 40.303505420684814, 48.10906648635864]",7.8055610657,38.4151926041,9,Radeon HD 6800,i5-7600 @ 3.5GHz,SSD,3
150,,Hearthstone,"{'move_time': 0.0, 'kill_mode': 'os', 'process_name': ['Hearth', 'Battle'], 'window_names': ['Battle.net', 'Hearthstone']}",2021-12-16 17:20:17.907014144,42.1851446629,"[0.20618367195129395, 9.851332426071167, 31.746328830718994, 41.66324853897095]",9.9169197083,21.8949964046,0,Radeon HD 6800,i5-7600 @ 3.5GHz,SSD,3
151,,Hearthstone,"{'move_time': 0.0, 'kill_mode': 'os', 'process_name': ['Hearth', 'Battle'], 'window_names': ['Battle.net', 'Hearthstone']}",2021-12-16 17:21:23.510408192,32.4586310387,"[0.2235698699951172, 7.5598225593566895, 23.53519582748413, 31.9432692527771]",8.4080734253,15.9753732681,1,Radeon HD 6800,i5-7600 @ 3.5GHz,SSD,3
152,,Hearthstone,"{'move_time': 0.0, 'kill_mode': 'os', 'process_name': ['Hearth', 'Battle'], 'window_names': ['Battle.net', 'Hearthstone']}",2021-12-16 17:22:19.377867008,32.347212553,"[0.21216225624084473, 7.523439884185791, 23.405820608139038, 31.824296951293945]",8.4184763432,15.882380724,2,Radeon HD 6800,i5-7600 @ 3.5GHz,SSD,3
153,,Hearthstone,"{'move_time': 0.0, 'kill_mode': 'os', 'process_name': ['Hearth', 'Battle'], 'window_names': ['Battle.net', 'Hearthstone']}",2021-12-16 17:23:15.127524352,34.9952628613,"[0.2281968593597412, 7.469999551773071, 25.249154090881348, 34.473426818847656]",9.224272728,17.7791545391,3,Radeon HD 6800,i5-7600 @ 3.5GHz,SSD,3
154,,Hearthstone,"{'move_time': 0.0, 'kill_mode': 'os', 'process_name': ['Hearth', 'Battle'], 'window_names': ['Battle.net', 'Hearthstone']}",2021-12-16 17:24:13.521287936,31.8991377354,"[0.21764588356018066, 7.210848331451416, 23.527355432510376, 31.381244659423828]",7.8538892269,16.3165071011,4,Radeon HD 6800,i5-7600 @ 3.5GHz,SSD,3
155,,Hearthstone,"{'move_time': 0.0, 'kill_mode': 'os', 'process_name': ['Hearth', 'Battle'], 'window_names': ['Battle.net', 'Hearthstone']}",2021-12-16 17:25:08.808411648,32.9140613079,"[0.22849082946777344, 7.4584362506866455, 23.877131938934326, 32.390382289886475]",8.513250351,16.4186956882,5,Radeon HD 6800,i5-7600 @ 3.5GHz,SSD,3
156,,Hearthstone,"{'move_time': 0.0, 'kill_mode': 'os', 'process_name': ['Hearth', 'Battle'], 'window_names': ['Battle.net', 'Hearthstone']}",2021-12-16 17:26:05.107860480,32.188754797,"[0.2446918487548828, 7.051135540008545, 23.186341047286987, 31.672324419021606]",8.4859833717,16.1352055073,6,Radeon HD 6800,i5-7600 @ 3.5GHz,SSD,3
157,,Hearthstone,"{'move_time': 0.0, 'kill_mode': 'os', 'process_name': ['Hearth', 'Battle'], 'window_names': ['Battle.net', 'Hearthstone']}",2021-12-16 17:27:00.773874176,34.3665764332,"[0.21447086334228516, 7.4901018142700195, 25.275446891784668, 33.8227105140686]",8.547263622300001,17.7853450775,7,Radeon HD 6800,i5-7600 @ 3.5GHz,SSD,3
158,,Hearthstone,"{'move_time': 0.0, 'kill_mode': 'os', 'process_name': ['Hearth', 'Battle'], 'window_names': ['Battle.net', 'Hearthstone']}",2021-12-16 17:27:58.501710336,33.6522769928,"[0.21772217750549316, 7.693544387817383, 23.927392721176147, 33.121044874191284]",9.193652153,16.2338483334,8,Radeon HD 6800,i5-7600 @ 3.5GHz,SSD,3
159,,Hearthstone,"{'move_time': 0.0, 'kill_mode': 'os', 'process_name': ['Hearth', 'Battle'], 'window_names': ['Battle.net', 'Hearthstone']}",2021-12-16 17:28:55.631247872,33.1992282867,"[0.23066329956054688, 7.614978790283203, 23.37987756729126, 32.66643691062927]",9.2865593433,15.764898777,9,Radeon HD 6800,i5-7600 @ 3.5GHz,SSD,3
