,Time,Fan Control #1,Fan Control #2,Fan Control #3,Fan Control #4,Fan Control #5,Fan Control #6,Fan Control #7,CPU VCore,Voltage #2,AVCC,3VCC,Voltage #5,Voltage #6,Voltage #7,3VSB,VBAT,VTT,Voltage #11,Voltage #12,Voltage #13,Voltage #14,Voltage #15,Temperature #1,Temperature #2,Temperature #3,Temperature #4,Temperature #5,Temperature #6,Fan #2,Fan #3,CPU Core #1,CPU Core #2,CPU Core #3,CPU Core #4,CPU Core #5,CPU Core #6,CPU Total,CPU Core #1.1,CPU Core #2.1,CPU Core #3.1,CPU Core #4.1,CPU Core #5.1,CPU Core #6.1,CPU Package,CPU Core #1.2,CPU Core #2.2,CPU Core #3.2,CPU Core #4.2,CPU Core #5.2,CPU Core #6.2,CPU Package.1,CPU Cores,CPU Graphics,CPU DRAM,Bus Speed,Memory,Used Memory,Available Memory,GPU Core,GPU Core.1,GPU Memory,GPU Shader,GPU,GPU Core.2,GPU Frame Buffer,GPU Video Engine,GPU Bus Interface,GPU Fan,GPU Memory Total,GPU Memory Used,GPU Memory Free,GPU Memory.1,GPU Power,GPU PCIE Rx,GPU PCIE Tx,Remaining Life,Total Bytes Written,Used Space,Temperature,Write Amplification,Remaining Life.1,Total Bytes Written.1,Used Space.1,Temperature.1,Write Amplification.1
14060,2022-03-20 22:42:10,60.0,100,100,100,100,100,100,0.632,1.008,3.37600017,3.42400026,0.992000043,1.0,1.016,3.37600017,3.26400018,0.496000022,0.6,0.528,0.992000043,1.016,1.016,25.5,26,25.5,15,23,25,1934.09741,2166.934,3.90625,10.9375,0.0,0.78125,1.5625,0.0,2.86458135,21,22,21,20,21,21,23,1101.51746,801.1036,4005.51782,4005.51782,4005.51782,4005.51782,13.8378477,7.3511157,0,1.28068447,100.137947,42.59194,6.77724075,9.134785,49,324.000031,405.000031,648.000061,1374,9,12,0,0,41,2048,306.75,1741.25,14.9780273,14.142,0.9765625,0.0,100,1112.6073,69.1098,25,1.5196619,99,2092.32349,81.9133,25,1.52368677
14061,2022-03-20 22:42:11,60.0,100,100,100,100,100,100,0.9760001,1.008,3.37600017,3.42400026,0.992000043,1.0,1.008,3.37600017,3.26400018,0.496000022,0.6,0.528,0.992000043,1.016,1.016,25.5,26,25.5,15,23,25,1931.33044,2166.934,1.5625,14.84375,7.8125,4.6875,9.375,35.9375,12.3697939,22,23,22,23,22,30,30,4105.6543,4005.5166,4005.5166,4005.5166,4005.5166,4105.6543,19.4095821,12.9204006,0,1.17798,100.137917,43.0077667,6.84340668,9.068619,49,162.000015,405.000031,324.000031,1366,0,5,0,0,41,2048,297.875,1750.125,14.5446777,13.479001,15.625,0.0,100,1112.6073,69.1098,25,1.5196619,99,2092.32349,81.9133,25,1.52368677
14062,2022-03-20 22:42:12,61.9607849,100,100,100,100,100,100,0.960000038,1.008,3.37600017,3.42400026,0.992000043,1.0,1.008,3.37600017,3.26400018,0.496000022,0.6,0.528,0.992000043,1.016,1.016,25.5,26,25.5,15,23,25,1917.61365,2170.418,8.59375,12.5,2.34375,4.6875,1.5625,39.0625,11.4583311,22,24,22,22,22,31,31,4205.792,4005.51636,4005.51636,4005.51636,4005.51636,4005.51636,20.1814022,13.68943,0,1.26729512,100.137909,43.5413742,6.928314,8.983711,49,162.000015,405.000031,324.000031,1358,0,5,0,0,40,2048,305.75,1742.25,14.9291992,13.5710011,0.0,0.0,100,1112.6073,69.1098,25,1.5196619,99,2092.32349,81.9133,25,1.52368677
14063,2022-03-20 22:42:13,60.0,100,100,100,100,100,100,0.968000054,1.008,3.37600017,3.42400026,0.992000043,1.0,1.008,3.37600017,3.26400018,0.496000022,0.6,0.528,0.992000043,1.016,1.016,25.0,26,25.5,15,23,25,1906.77966,2173.913,17.1875,7.8125,10.9375,7.8125,0.0,26.5625,11.71875,22,25,22,23,23,32,32,4105.654,4105.654,4105.654,4005.516,4105.654,4005.516,21.8762569,15.3785677,0,1.31158876,100.1379,43.6654358,6.94805527,8.96397,48,135.0,405.000031,270.0,1350,0,5,0,0,40,2048,305.75,1742.25,14.9291992,13.479001,0.0,0.0,100,1112.6073,69.1098,25,1.5196619,99,2092.32349,81.9133,25,1.52368677
14064,2022-03-20 22:42:14,60.0,100,100,100,100,100,100,0.960000038,1.008,3.37600017,3.42400026,0.992000043,1.0,1.016,3.3920002,3.26400018,0.496000022,0.6,0.528,0.992000043,1.016,1.016,25.5,26,25.5,15,23,25,1909.47668,2173.913,18.75,28.90625,7.8125,0.0,0.0,4.6875,10.0260439,34,24,23,22,23,23,32,4005.51587,4105.654,4005.51587,4005.51587,4105.654,4105.654,19.9339352,13.428401,0,1.18078768,100.137894,43.81875,6.97245026,8.939575,48,135.0,405.000031,270.0,1342,0,5,0,0,40,2048,305.75,1742.25,14.9291992,13.479001,0.0,0.0,100,1112.6073,69.1098,25,1.5196619,99,2092.32349,81.9133,25,1.52368677
14065,2022-03-20 22:42:15,60.0,100,100,100,100,100,100,0.960000038,1.008,3.37600017,3.40800023,0.992000043,1.0,1.008,3.37600017,3.26400018,0.496000022,0.6,0.528,0.992000043,1.008,1.016,25.0,26,25.5,15,23,25,1909.47668,2173.913,15.625,21.875,20.3125,0.0,0.0,14.84375,12.109375,23,25,22,23,22,32,32,4105.654,4105.654,4005.51587,4005.51587,4105.654,4005.51587,21.4182625,14.8929825,0,1.29775465,100.1379,43.9577,6.99456024,8.917465,48,135.0,405.000031,270.0,1333,0,5,0,0,40,2048,305.75,1742.25,14.9291992,13.5750008,0.0,0.0,100,1112.6073,69.1098,25,1.5196619,99,2092.32349,81.9133,25,1.52368677
14066,2022-03-20 22:42:16,60.0,100,100,100,100,100,100,0.9760001,1.008,3.37600017,3.40800023,0.992000043,1.0,1.016,3.37600017,3.26400018,0.504,0.6,0.528,0.992000043,1.016,1.016,25.0,26,25.5,15,23,25,1920.34143,2173.913,23.4375,32.03125,0.78125,0.78125,0.0,3.90625,10.15625,22,28,21,22,22,22,28,4005.5166,4105.6543,4005.5166,4005.5166,4105.6543,4005.5166,19.0178757,12.5408936,0,1.19287944,100.137917,43.99826,7.00101471,8.911011,47,135.0,405.000031,270.0,1325,0,5,0,0,39,2048,305.75,1742.25,14.9291992,13.479001,0.0,0.0,100,1112.6073,69.1098,25,1.5196619,99,2092.32349,81.9133,25,1.52368677
14067,2022-03-20 22:42:17,60.0,100,100,100,100,100,100,1.0,1.008,3.37600017,3.42400026,0.992000043,1.0,1.016,3.37600017,3.26400018,0.496000022,0.6,0.528,0.992000043,1.016,1.016,25.0,26,25.5,15,23,25,1931.33044,2173.913,20.3125,32.8125,5.46875,7.03125,0.0,3.125,11.4583311,23,34,22,24,23,23,34,4005.51587,4005.51587,4005.51587,4005.51587,4005.51587,4105.654,20.9101334,14.385046,0,1.2892673,100.137894,44.07138,7.01264954,8.899376,47,135.0,405.000031,270.0,1316,2,7,0,1,39,2048,305.75,1742.25,14.9291992,13.479001,0.0,0.0,100,1112.6073,69.1098,25,1.5196619,99,2092.32349,81.9133,25,1.52368677
14068,2022-03-20 22:42:18,60.0,100,100,100,100,100,100,0.92,1.008,3.37600017,3.40800023,0.992000043,1.0,1.008,3.37600017,3.26400018,0.504,0.6,0.528,0.992000043,1.016,1.016,25.0,26,25.5,15,23,25,1917.61365,2173.913,16.40625,17.1875,19.53125,21.09375,10.15625,24.21875,18.0989571,23,24,27,30,24,24,30,4005.51587,4005.51587,3104.27466,2503.44727,4005.51587,4005.51587,23.5201988,16.9733658,0,1.48789179,100.137894,43.09287,6.856949,9.055077,47,135.0,405.000031,270.0,1308,2,6,0,0,39,2048,297.25,1750.75,14.51416,13.479001,8.7890625,0.0,100,1112.6073,69.1098,25,1.5196619,99,2092.32349,81.9133,25,1.52368677
14069,2022-03-20 22:42:19,60.0,100,100,100,100,100,100,0.984,1.008,3.37600017,3.40800023,0.992000043,1.0,1.008,3.37600017,3.26400018,0.496000022,0.6,0.528,0.992000043,1.008,1.016,25.0,26,25.5,15,23,25,1917.61365,2173.913,14.0625,27.34375,8.59375,21.09375,16.40625,14.0625,16.9270821,27,29,23,23,33,24,34,4105.654,4005.516,4005.516,4105.654,4105.654,4105.654,24.6701488,18.1163673,0,1.52710557,100.1379,43.7042961,6.954239,8.957787,47,135.0,405.000031,270.0,1298,2,6,0,1,39,2048,305.75,1742.25,14.9291992,13.5750008,15.625,0.0,100,1112.6073,69.1098,25,1.5196619,99,2092.32349,81.9133,25,1.52368677
14070,2022-03-20 22:42:20,60.0,100,100,100,100,100,100,0.984,1.008,3.37600017,3.40800023,0.992000043,1.0,1.008,3.37600017,3.26400018,0.496000022,0.6,0.528,0.992000043,1.016,1.016,25.0,26,25.5,15,23,25,1920.34143,2173.913,4.6875,23.4375,7.8125,20.3125,7.8125,5.46875,11.5885439,23,32,22,23,22,23,31,4005.51587,4005.51587,4005.51587,4105.654,4005.51587,4205.7915,20.6123257,14.12311,0,1.25400186,100.1379,43.7541161,6.962166,8.94986,46,135.0,405.000031,270.0,1293,0,5,0,0,39,2048,305.75,1742.25,14.9291992,13.479001,15.625,444.335938,100,1112.6073,69.1098,25,1.5196619,99,2092.32349,81.9133,25,1.52368677
14071,2022-03-20 22:42:21,60.0,100,100,100,100,100,100,0.968000054,1.008,3.37600017,3.40800023,0.992000043,1.0,1.008,3.37600017,3.26400018,0.496000022,0.6,0.528,0.992000043,1.016,1.016,25.0,26,25.5,15,23,25,1909.47668,2166.934,1.5625,3.125,0.0,5.46875,0.0,50.78125,10.15625,22,23,21,23,22,30,30,4005.51636,4005.51636,4005.51636,4005.51636,4005.51636,4105.6543,20.6347961,14.1303949,0,1.27465487,100.137909,44.2632675,7.04318237,8.868843,46,135.0,405.000031,270.0,1287,0,5,0,0,38,2048,305.75,1742.25,14.9291992,13.6690006,0.0,0.0,100,1112.6073,69.1098,25,1.5196619,99,2092.32349,81.9133,25,1.52368677
14072,2022-03-20 22:42:22,60.0,100,100,100,100,100,100,0.968000054,1.008,3.37600017,3.40800023,0.992000043,1.0,1.008,3.37600017,3.26400018,0.496000022,0.6,0.528,0.992000043,1.008,1.016,25.0,26,25.5,15,23,25,1923.0769,2173.913,7.8125,4.6875,3.125,28.90625,7.8125,20.3125,12.109375,22,24,23,22,32,23,32,4005.516,4005.516,4005.516,4105.654,4005.516,4005.516,21.3164082,14.8177509,0,1.28350461,100.1379,44.3922424,7.06370544,8.84832,46,135.0,405.000031,270.0,1282,0,5,0,0,38,2048,305.75,1742.25,14.9291992,13.491,15.625,0.0,100,1112.6073,69.1098,25,1.5196619,99,2092.32349,81.9133,25,1.52368677
14073,2022-03-20 22:42:23,60.0,100,100,100,100,100,100,0.9760001,1.008,3.37600017,3.40800023,0.992000043,1.0,1.008,3.37600017,3.26400018,0.496000022,0.6,0.528,0.992000043,1.016,1.016,25.0,26,25.5,15,23,25,1920.34143,2173.913,0.0,6.92307949,15.3846149,26.9230728,6.153846,4.615384,10.0000086,23,24,21,32,22,23,32,4005.51563,4005.51563,4005.51563,4005.51563,4005.51563,4005.51563,19.5831184,13.0890779,0,1.16700613,100.137894,44.43559,7.07060242,8.841423,46,135.0,405.000031,270.0,1275,0,5,0,0,38,2048,305.75,1742.25,14.9291992,13.479001,0.0,0.0,100,1112.6073,69.1098,25,1.5196619,99,2092.32349,81.9133,25,1.52368677
14074,2022-03-20 22:42:24,60.0,100,100,100,100,100,100,0.9760001,1.008,3.37600017,3.40800023,0.992000043,1.0,1.008,3.37600017,3.26400018,0.504,0.6,0.528,0.992000043,1.008,1.016,25.0,26,25.5,15,23,25,1920.34143,2173.913,4.6875,21.875,0.0,45.3125,0.78125,0.0,12.109375,23,31,22,23,22,23,31,4005.51587,4005.51587,4005.51587,4105.654,4005.51587,4005.51587,20.8596115,14.3373852,0,1.31326067,100.1379,44.588974,7.095009,8.817017,46,135.0,405.000031,270.0,1269,0,5,0,0,38,2048,305.75,1742.25,14.9291992,13.479001,0.0,444.335938,100,1112.6073,69.1098,25,1.5196619,99,2092.32349,81.9133,25,1.52368677
14075,2022-03-20 22:42:25,60.0,100,100,100,100,100,100,0.968000054,1.008,3.37600017,3.42400026,0.992000043,1.0,1.016,3.37600017,3.26400018,0.496000022,0.6,0.528,0.992000043,1.016,1.016,25.0,26,25.5,15,23,25,1931.33044,2173.913,0.0,6.25,8.59375,40.625,1.5625,2.34375,9.895831,22,23,21,31,22,23,31,4005.516,4005.516,4005.516,4105.654,4005.516,4005.516,18.57235,12.0774794,0,1.17562985,100.1379,44.61585,7.099285,8.81274,45,135.0,405.000031,270.0,1260,0,6,0,0,38,2048,305.75,1742.25,14.9291992,13.5750008,0.0,444.335938,100,1112.60742,69.1098,25,1.519662,99,2092.334,81.91219,25,1.523686
14076,2022-03-20 22:42:26,60.0,100,100,100,100,100,100,0.984,1.008,3.37600017,3.42400026,0.992000043,1.0,1.008,3.37600017,3.26400018,0.496000022,0.6,0.528,0.992000043,1.016,1.016,25.0,26,25.5,15,23,25,1920.34143,2173.913,5.46875,7.8125,14.84375,25.0,7.8125,25.78125,14.453125,31,29,31,29,32,28,32,4005.51587,4005.51587,4005.51587,4005.51587,4005.51587,4005.51587,24.5143642,17.9851856,0,1.47896886,100.1379,44.9384155,7.150612,8.761414,45,135.0,405.000031,270.0,1255,3,7,0,1,38,2048,307.0,1741.0,14.9902344,13.5650005,0.0,0.0,100,1112.60742,69.1098,25,1.519662,99,2092.334,81.91219,25,1.523686
14077,2022-03-20 22:42:27,60.0,100,100,100,100,100,100,0.936000049,1.008,3.37600017,3.40800023,0.992000043,1.0,1.008,3.37600017,3.26400018,0.496000022,0.6,0.528,0.992000043,1.008,1.016,25.0,26,25.5,15,23,25,1917.61365,2166.934,11.5384579,15.3846149,28.46154,17.6923027,8.4615345,26.9230728,18.07692,23,24,32,24,23,24,32,4005.516,4005.516,4005.516,4005.516,4005.516,4005.516,26.7917767,20.2542229,0,1.46358657,100.137909,43.6542664,6.94627762,8.965748,45,135.0,405.000031,270.0,1250,1,6,0,0,37,2048,305.75,1742.25,14.9291992,13.479001,0.9765625,0.0,100,1112.60742,69.1098,25,1.519662,99,2092.334,81.91219,25,1.523686
14078,2022-03-20 22:42:31,60.0,100,100,100,100,100,100,0.9760001,1.008,3.37600017,3.40800023,0.992000043,1.0,1.008,3.37600017,3.26400018,0.496000022,0.6,0.528,0.992000043,1.016,1.016,25.0,26,25.5,15,23,25,1917.61365,2173.913,45.8874474,4.76191044,5.844158,4.545456,2.38096118,1.08225346,10.7503653,34,28,22,32,22,24,32,4005.516,4005.516,4005.516,4005.516,4005.516,4005.516,20.3158264,13.8110991,0,1.23009109,100.137909,44.1150856,7.01960373,8.892422,44,135.0,405.000031,270.0,1230,0,6,0,0,37,2048,305.75,1742.25,14.9291992,13.5650005,0.0,0.0,100,1112.60742,69.1098,25,1.519662,99,2092.334,81.91219,25,1.523686
14079,2022-03-20 22:42:31,60.0,100,100,100,100,100,100,0.968000054,1.008,3.37600017,3.40800023,0.992000043,1.0,1.008,3.37600017,3.26400018,0.496000022,0.6,0.528,0.992000043,1.008,1.016,25.0,26,25.5,15,23,25,1923.0769,2166.934,3.57142687,50.0,1.78571343,30.35714,7.14285946,3.57142687,16.0714321,22,29,22,36,22,24,36,4005.516,4005.516,4005.516,4005.516,4005.516,4005.516,25.8886719,19.43319,0,1.23999131,100.137909,44.62249,7.100342,8.811684,44,135.0,405.000031,270.0,1227,0,6,0,0,37,2048,305.75,1742.25,14.9291992,13.5650005,0.0,444.335938,100,1112.60742,69.1098,25,1.519662,99,2092.334,81.91219,25,1.523686
14080,2022-03-20 22:42:32,60.0,100,100,100,100,100,100,0.688,1.008,3.37600017,3.42400026,0.992000043,1.0,1.008,3.37600017,3.26400018,0.496000022,0.6,0.528,0.992000043,1.016,1.016,25.0,26,25.5,15,23,25,1931.33044,2170.418,6.666666,19.9999981,4.444444,15.5555544,3.33333015,3.33333015,8.888888,22,22,21,22,22,22,24,4005.51563,4105.65332,4005.51563,4105.65332,4105.65332,4105.65332,18.2969761,11.7511244,0,1.38389981,100.137894,44.1666069,7.02780151,8.884224,44,135.0,405.000031,270.0,1225,0,5,0,0,37,2048,305.75,1742.25,14.9291992,13.479001,0.0,0.0,100,1112.60742,69.1098,25,1.519662,99,2092.334,81.91219,25,1.523686
14081,2022-03-20 22:42:33,60.0,100,100,100,100,100,100,0.984,1.008,3.37600017,3.40800023,0.992000043,1.0,1.008,3.37600017,3.26400018,0.496000022,0.6,0.528,0.992000043,1.016,1.016,25.0,26,25.5,15,23,25,1920.34143,2173.913,6.25,20.3125,10.15625,14.84375,3.90625,7.8125,10.546875,23,29,23,34,22,24,34,4005.5166,4005.5166,4005.5166,4005.5166,4005.5166,4005.5166,22.1385021,15.6208448,0,1.49069667,100.137909,44.503315,7.081379,8.83064651,44,135.0,405.000031,270.0,1221,0,5,0,0,37,2048,305.75,1742.25,14.9291992,13.394001,15.625,0.0,100,1112.60742,69.1098,25,1.519662,99,2092.334,81.91219,25,1.523686
14082,2022-03-20 22:42:34,60.0,100,100,100,100,100,100,0.984,1.008,3.37600017,3.40800023,0.992000043,1.0,1.008,3.37600017,3.26400018,0.496000022,0.6,0.528,0.992000043,1.008,1.016,25.0,26,25.5,15,23,25,1917.61365,2166.934,9.375,28.125,1.5625,3.90625,7.03125,15.625,10.9375,22,24,30,23,22,23,30,4005.516,4005.516,4005.516,4005.516,4005.516,4005.516,20.794075,14.2798481,0,1.33344352,100.1379,44.4948044,7.08002472,8.832001,43,135.0,405.000031,270.0,1216,0,5,0,0,37,2048,305.75,1742.25,14.9291992,13.394001,0.0,444.335938,100,1112.60742,69.1098,25,1.519662,99,2092.334,81.91219,25,1.523686
14083,2022-03-20 22:42:35,60.0,100,100,100,100,100,100,0.960000038,1.008,3.37600017,3.40800023,0.992000043,1.0,1.008,3.37600017,3.26400018,0.496000022,0.6,0.528,0.992000043,1.008,1.016,25.0,26,25.5,15,23,25,1917.61365,2170.418,8.59375,29.6875,5.46875,7.03125,8.59375,11.71875,11.8489561,23,25,30,31,23,24,31,4005.51587,4005.51587,4005.51587,4005.51587,4005.51587,4005.51587,24.1935329,17.6617889,0,1.43175316,100.1379,44.9153023,7.14693451,8.765091,43,135.0,405.000031,270.0,1211,2,6,0,1,36,2048,305.75,1742.25,14.9291992,13.3720007,0.0,0.0,100,1112.60742,69.1098,25,1.519662,99,2092.334,81.91219,25,1.523686
14084,2022-03-20 22:42:36,60.0,100,100,100,100,100,100,0.944000065,1.008,3.37600017,3.40800023,0.992000043,1.0,1.008,3.37600017,3.26400018,0.496000022,0.6,0.528,0.992000043,1.008,1.016,25.0,26,25.5,15,23,25,1912.18127,2173.913,13.28125,27.34375,13.28125,7.03125,7.03125,1.5625,11.5885439,25,30,22,25,22,23,30,4005.516,4105.654,4005.516,4005.516,4005.516,4005.516,22.35121,15.8542194,0,1.30398893,100.1379,45.1390266,7.18253326,8.729492,43,135.0,405.000031,270.0,1207,0,5,0,0,36,2048,305.75,1742.25,14.9291992,13.3790007,0.0,444.335938,100,1112.60742,69.1098,25,1.519662,99,2092.334,81.91219,25,1.523686
14085,2022-03-20 22:42:37,60.0,100,100,100,100,100,100,0.968000054,1.008,3.37600017,3.42400026,0.992000043,1.0,1.016,3.37600017,3.26400018,0.496000022,0.6,0.528,0.992000043,1.016,1.016,25.0,26,25.5,15,23,25,1923.0769,2173.913,7.8125,39.0625,14.0625,3.90625,4.6875,1.5625,11.8489561,23,30,32,24,22,24,33,4005.51587,4005.51587,4005.51587,4005.51587,4105.654,4005.51587,23.7632923,17.2511139,0,1.35266173,100.137894,46.0483437,7.32722473,8.584801,43,135.0,405.000031,270.0,1204,2,6,0,1,36,2048,305.75,1742.25,14.9291992,13.468,0.0,0.0,100,1112.60742,69.1098,25,1.519662,99,2092.334,81.91219,25,1.523686
14086,2022-03-20 22:42:38,60.0,100,100,100,100,100,100,1.0,1.008,3.37600017,3.42400026,0.992000043,1.0,1.008,3.37600017,3.26400018,0.496000022,0.6,0.528,0.992000043,1.016,1.016,25.0,26,25.5,15,23,25,1923.0769,2173.913,8.59375,15.625,21.875,10.15625,3.125,15.625,12.5,22,25,21,22,22,30,30,4005.51636,4005.51636,4005.51636,4005.51636,4005.51636,4005.51636,22.4490013,15.9331741,0,1.29593384,100.137909,45.4791641,7.236656,8.675369,43,135.0,405.000031,270.0,1200,0,6,0,0,36,2048,305.75,1742.25,14.9291992,13.479001,0.0,0.0,100,1112.60742,69.1098,25,1.519662,99,2092.334,81.91219,25,1.523686
14087,2022-03-20 22:42:39,60.0,100,100,100,100,100,100,0.952,1.008,3.37600017,3.40800023,0.992000043,1.0,1.008,3.37600017,3.26400018,0.496000022,0.6,0.528,0.992000043,1.016,1.016,25.0,26,25.5,15,23,25,1920.34143,2166.934,28.125,9.375,6.25,9.375,12.5,3.90625,11.5885439,29,24,22,23,22,23,29,4005.51587,4005.51587,4005.51587,4005.51587,4005.51587,4005.51587,22.3869915,15.8939676,0,1.32986188,100.137894,45.6737328,7.26761627,8.644409,43,135.0,405.000031,270.0,1198,0,6,0,0,36,2048,305.75,1742.25,14.9291992,13.468,0.0,0.0,100,1112.60742,69.1098,25,1.519662,99,2092.334,81.91219,25,1.523686
14088,2022-03-20 22:42:40,60.0,100,100,100,100,100,100,0.960000038,1.008,3.37600017,3.40800023,0.992000043,1.0,1.008,3.37600017,3.26400018,0.496000022,0.6,0.528,0.992000043,1.016,1.016,25.0,26,25.5,15,23,25,1934.09741,2166.934,36.71875,25.78125,8.59375,5.46875,4.6875,2.34375,13.9322939,23,28,22,26,22,23,28,4005.516,4005.516,4005.516,4005.516,4005.516,4005.516,23.1873951,16.65748,0,1.35072029,100.137909,45.6483459,7.26357651,8.648449,42,135.0,405.000031,270.0,1193,0,6,0,0,36,2048,305.75,1742.25,14.9291992,13.479001,0.0,0.0,100,1112.60742,69.1098,25,1.519662,99,2092.334,81.91219,25,1.523686
14089,2022-03-20 22:42:41,60.0,100,100,100,100,100,100,0.9760001,1.008,3.37600017,3.40800023,0.992000043,1.0,1.016,3.37600017,3.26400018,0.496000022,0.6,0.528,0.992000043,1.016,1.016,25.0,26,25.5,15,23,25,1917.61365,2173.913,15.625,22.65625,3.90625,13.28125,1.5625,15.625,12.109375,30,26,23,25,22,24,30,4005.51587,4005.51587,4005.51587,4005.51587,4005.51587,4005.51587,22.912075,16.4042511,0,1.40094459,100.137894,45.9978828,7.319195,8.592831,42,135.0,405.000031,270.0,1188,1,6,0,0,36,2048,307.0,1741.0,14.9902344,13.475,0.9765625,445.3125,100,1112.60742,69.1098,25,1.519662,99,2092.334,81.91219,25,1.523686
14090,2022-03-20 22:42:42,60.0,100,100,100,100,100,100,0.9760001,1.008,3.37600017,3.40800023,0.992000043,1.0,1.008,3.37600017,3.26400018,0.504,0.6,0.528,0.992000043,1.008,1.016,25.0,26,25.5,15,23,25,1920.34143,2173.913,8.59375,25.0,10.9375,9.375,3.90625,17.1875,12.5,24,24,32,24,22,28,32,4005.5166,4005.5166,4005.5166,4005.5166,4005.5166,4005.5166,21.7308846,18.21791,0,1.57959545,100.137909,46.1588669,7.34481049,8.567215,43,1126.406,3505.50024,2252.812,1180,1,1,0,0,36,2048,315.625,1732.375,15.411377,28.2610016,0.0,0.0,100,1112.60742,69.1098,25,1.519662,99,2092.334,81.91219,25,1.523686
14091,2022-03-20 22:42:43,60.0,100,100,100,100,100,100,0.984,1.008,3.37600017,3.40800023,0.992000043,1.0,1.008,3.37600017,3.26400018,0.496000022,0.6,0.528,0.992000043,1.008,1.016,25.0,26,25.5,15,23,25,1917.61365,2166.934,11.71875,15.625,3.125,7.8125,0.78125,10.15625,8.203125,29,24,23,23,22,28,29,4005.51563,4005.51563,4005.51563,4005.51563,4005.51563,4005.51563,14.5291309,12.37238,0,1.3236717,100.137894,46.7364159,7.43671036,8.475315,44,1126.406,3505.50024,2252.812,1172,0,1,0,0,36,2048,315.625,1732.375,15.411377,28.2610016,0.0,0.0,100,1112.60742,69.1098,25,1.519662,99,2092.334,81.91219,25,1.523686
14092,2022-03-20 22:42:44,60.0,100,100,100,100,100,100,0.616000056,1.008,3.37600017,3.40800023,0.992000043,1.0,1.008,3.37600017,3.26400018,0.496000022,0.6,0.528,0.992000043,1.008,1.016,25.0,26,25.5,15,23,25,1917.61365,2170.418,12.5,25.0,14.0625,12.5,1.5625,10.15625,12.6302061,24,24,22,23,22,31,31,4005.516,4105.6543,4005.516,4005.516,4105.6543,4005.516,17.2835922,15.0931377,0,1.498783,100.1379,48.16062,7.66333,8.248695,44,1126.406,3505.50024,2252.812,1168,0,1,0,0,35,2048,315.625,1732.375,15.411377,28.2610016,0.0,0.0,100,1112.60742,69.1098,25,1.519662,99,2092.334,81.91219,25,1.523686
14093,2022-03-20 22:42:45,60.0,100,100,100,100,100,100,1.0,1.008,3.37600017,3.40800023,0.992000043,1.0,1.008,3.37600017,3.26400018,0.496000022,0.6,0.528,0.992000043,1.016,1.016,25.0,26,25.5,15,23,25,1909.47668,2166.934,9.375,11.71875,0.78125,13.28125,5.46875,16.40625,9.505206,23,24,22,30,22,24,30,4005.51587,4005.51587,4105.654,4105.654,4005.51587,4005.51587,16.723217,14.5718937,0,1.43159068,100.137894,47.6633568,7.58420563,8.32782,44,911.250061,3004.6792,1822.50012,1167,0,1,0,0,35,2048,315.625,1732.375,15.411377,25.888,0.0,0.0,100,1112.60742,69.1098,25,1.519662,99,2092.334,81.91219,25,1.523686
14094,2022-03-20 22:42:46,60.0,100,100,100,100,100,100,0.8880001,1.008,3.37600017,3.40800023,0.992000043,1.0,1.008,3.37600017,3.26400018,0.496000022,0.6,0.528,0.992000043,1.016,1.016,25.0,26,25.5,15,23,25,1906.77966,2173.913,15.625,14.84375,2.34375,8.59375,1.5625,13.28125,9.375,23,23,22,22,22,24,24,4005.51636,4005.51636,4005.51636,4005.51636,4005.51636,4005.51636,17.664957,15.512414,0,1.34817827,100.137909,47.84834,7.61364,8.298386,43,911.250061,3004.6792,1822.50012,1166,0,1,0,0,35,2048,315.625,1732.375,15.411377,25.8850021,0.0,0.0,100,1112.60742,69.1098,25,1.519662,99,2092.334,81.91219,25,1.523686
14095,2022-03-20 22:42:47,60.0,100,100,100,100,100,100,0.984,1.008,3.37600017,3.40800023,0.992000043,1.0,1.008,3.37600017,3.26400018,0.496000022,0.6,0.528,0.992000043,1.008,1.016,25.0,26,25.5,15,23,25,1909.47668,2173.913,20.3125,22.65625,1.5625,5.46875,0.0,10.9375,10.15625,23,26,22,24,22,23,26,4005.51587,4005.51587,4005.51587,4105.654,4005.51587,4005.51587,18.59484,15.307126,0,1.37229836,100.137894,48.1804237,7.666481,8.245544,43,670.781,810.000061,1341.562,1166,0,3,0,0,35,2048,315.625,1732.375,15.411377,14.9950008,0.0,0.0,100,1112.60742,69.1098,25,1.519662,99,2092.334,81.91219,25,1.523686
14096,2022-03-20 22:42:48,60.0,100,100,100,100,100,100,0.968000054,1.008,3.37600017,3.42400026,0.992000043,1.0,1.008,3.37600017,3.26400018,0.496000022,0.6,0.528,0.992000043,1.008,1.016,25.0,26,25.5,15,23,25,1909.47668,2173.913,21.875,17.1875,7.03125,8.59375,2.34375,0.78125,9.635419,22,23,21,22,21,22,23,4005.51587,4105.654,4205.7915,4105.654,4005.51587,4005.51587,19.96347,13.4571533,0,1.25444317,100.1379,48.2208443,7.6729126,8.239113,42,670.781,810.000061,1341.562,1168,0,3,0,0,35,2048,315.625,1732.375,15.411377,14.911,0.0,0.0,100,1112.60742,69.1098,25,1.519662,99,2092.334,81.91219,25,1.523686
14097,2022-03-20 22:42:49,60.0,100,100,100,100,100,100,0.944000065,1.008,3.37600017,3.40800023,0.992000043,1.0,1.008,3.37600017,3.26400018,0.496000022,0.6,0.528,0.992000043,1.016,1.016,25.0,26,25.5,15,23,25,1923.0769,2166.934,14.84375,21.09375,5.46875,5.46875,0.0,9.375,9.375,34,25,23,24,22,23,34,4005.51587,4005.51587,4005.51587,3805.24023,2903.999,4005.51587,20.6523876,14.1152143,0,1.45598185,100.1379,48.3342133,7.6909523,8.221073,42,683.437561,810.000061,1366.87512,1167,0,3,0,0,35,2048,315.625,1732.375,15.411377,14.9190006,0.0,0.0,100,1112.60742,69.1098,25,1.519662,99,2092.334,81.91219,25,1.523686
14098,2022-03-20 22:42:50,60.0,100,100,100,100,100,100,0.960000038,1.008,3.37600017,3.40800023,0.992000043,1.0,1.008,3.37600017,3.26400018,0.496000022,0.6,0.528,0.992000043,1.008,1.016,25.0,26,25.5,15,23,25,1923.0769,2173.913,18.75,14.84375,2.34375,3.125,1.5625,2.34375,7.161456,24,23,22,22,22,22,24,4005.51587,3805.24,2903.999,2903.999,4005.51587,4005.51587,14.4799,10.7154055,0,1.34070778,100.137894,48.3965225,7.7008667,8.211159,43,1126.406,3505.50024,2252.812,1161,0,1,0,0,35,2048,315.625,1732.375,15.411377,28.2610016,0.0,0.0,100,1112.60742,69.1098,25,1.519662,99,2092.334,81.91219,25,1.523686
14099,2022-03-20 22:42:51,60.0,100,100,100,100,100,100,0.952,1.008,3.37600017,3.40800023,0.992000043,1.0,1.008,3.37600017,3.26400018,0.496000022,0.6,0.528,0.992000043,1.008,1.016,25.0,26,25.5,15,23,25,1920.34143,2166.934,8.59375,29.6875,5.46875,8.59375,2.34375,3.125,9.635419,24,25,33,23,23,23,33,4105.6543,4005.51636,4005.51636,4005.51636,4105.6543,4005.51636,17.6987286,15.5123386,0,1.52921236,100.137909,48.81822,7.767967,8.144058,43,1126.406,3505.50024,2252.812,1155,1,1,0,0,35,2048,328.761719,1719.23828,16.0528183,28.728,0.0,1.953125,100,1112.60742,69.1098,25,1.519662,99,2092.334,81.91219,25,1.523686
14100,2022-03-20 22:42:52,60.0,100,100,100,100,100,100,0.968000054,1.008,3.37600017,3.40800023,0.992000043,1.0,1.008,3.37600017,3.26400018,0.496000022,0.6,0.528,0.992000043,1.008,1.016,25.0,26,25.5,15,23,25,1920.34143,2166.934,15.625,11.71875,5.46875,29.6875,2.34375,3.125,11.328125,23,25,22,36,22,24,36,4005.51587,4005.51587,4005.51587,4005.51587,4005.51587,4005.51587,20.27133,18.0813923,0,1.46200407,100.137894,51.0065842,8.11618,7.795845,43,1126.406,3505.50024,2252.812,1153,0,1,0,0,35,2048,332.328125,1715.67188,16.22696,28.728,0.0,444.335938,100,1112.60742,69.1098,25,1.519662,99,2092.334,81.91219,25,1.523686
14101,2022-03-20 22:42:53,60.0,100,100,100,100,100,100,0.960000038,1.008,3.37600017,3.40800023,0.992000043,1.0,1.008,3.37600017,3.26400018,0.496000022,0.6,0.528,0.992000043,1.016,1.016,25.0,26,25.5,15,23,25,1931.33044,2166.934,7.03125,14.84375,8.59375,34.375,8.59375,9.375,13.8020811,32,32,23,25,23,25,32,4005.516,4005.516,4005.516,4005.516,4005.516,4005.516,21.4299126,19.2431469,0,1.54280818,100.137909,52.5909576,8.368286,7.54373932,43,1126.406,3505.50024,2252.812,1154,4,3,0,0,35,2048,341.328125,1706.67188,16.6664124,28.714,0.0,0.0,100,1112.60742,69.1098,25,1.519662,99,2092.334,81.91219,25,1.523686
14102,2022-03-20 22:42:54,60.0,100,100,100,100,100,100,0.984,1.008,3.37600017,3.40800023,0.992000043,1.0,1.008,3.37600017,3.26400018,0.496000022,0.6,0.528,0.992000043,1.008,1.016,25.0,26,25.5,15,23,25,1931.33044,2173.913,30.0000019,28.90625,13.28125,8.4615345,6.25,8.59375,15.9154654,30,29,22,22,22,23,30,4105.654,4105.654,4005.51587,4005.51587,4005.51587,4005.51587,18.3358974,16.19102,0,1.28592849,100.1379,51.9338379,8.263725,7.6483,43,1126.406,3505.50024,2252.812,1152,0,1,0,0,35,2048,340.078125,1707.92188,16.6053772,28.728,0.0,0.0,100,1112.60742,69.1098,25,1.519662,99,2092.334,81.91219,25,1.523686
14103,2022-03-20 22:42:55,60.0,100,100,100,100,100,100,0.984,1.008,3.37600017,3.40800023,0.992000043,1.0,1.008,3.37600017,3.26400018,0.496000022,0.6,0.528,0.992000043,1.008,1.016,25.0,26,25.5,15,23,25,1928.57141,2166.934,52.38095,53.125,37.5,34.92063,41.40625,39.0625,43.0658875,38,37,34,35,34,34,38,4005.515,4005.515,4005.515,4005.515,4005.515,4005.515,44.502,42.1042023,0,2.526053,100.137878,53.4707642,8.508282,7.40374374,43,1126.406,3505.50024,2252.812,1151,9,4,0,1,35,2048,829.9297,1218.07031,40.52391,29.943,2.9296875,0.9765625,100,1112.60742,69.1098,25,1.519662,99,2092.334,81.91219,25,1.523686
14104,2022-03-20 22:42:56,60.0,100,100,100,100,100,100,1.0,1.008,3.37600017,3.40800023,0.992000043,1.0,1.008,3.37600017,3.26400018,0.504,0.6,0.528,0.992000043,1.008,1.016,25.0,26,25.5,15,23,25,1931.33044,2166.934,57.03125,53.125,49.21875,48.4375,43.75,43.75,49.21875,32,35,34,32,31,31,35,4005.5166,4005.5166,4005.5166,4005.5166,4005.5166,4005.5166,45.048275,42.5303955,0,2.89121222,100.137917,54.8113937,8.721603,7.190422,44,1126.406,3505.50024,2252.812,1148,24,7,0,3,35,2048,858.0469,1189.95313,41.89682,34.381,35.15625,45.8984375,100,1112.60754,69.1098,25,1.51966178,99,2092.354,81.91301,25,1.52368319
14105,2022-03-20 22:42:57,60.0,100,100,100,100,100,100,1.0,1.008,3.3920002,3.3920002,0.992000043,1.0,1.008,3.37600017,3.26400018,0.504,0.6,0.528,0.992000043,1.008,1.016,25.5,26,26.0,15,23,25,1914.89368,2173.913,53.125,38.28125,36.71875,38.28125,28.125,35.15625,38.28125,33,29,27,29,29,28,33,4005.516,4005.516,4005.516,4005.516,4005.516,4005.516,38.05803,35.5879936,0,2.59231424,100.137909,55.6526337,8.855461,7.05656433,50,1252.96851,3505.50024,2505.937,1140,98,33,0,5,35,2048,864.03125,1183.96875,42.1890259,77.528,1112.30469,1084.96094,100,1112.60754,69.1098,25,1.51966178,99,2092.354,81.91301,25,1.52368319
