,Unnamed: 0,Time,Fan Control #1,Fan Control #2,Fan Control #3,Fan Control #4,Fan Control #5,Fan Control #6,Fan Control #7,CPU VCore,Voltage #2,AVCC,3VCC,Voltage #5,Voltage #6,Voltage #7,3VSB,VBAT,VTT,Voltage #11,Voltage #12,Voltage #13,Voltage #14,Voltage #15,Temperature #1,Temperature #2,Temperature #3,Temperature #4,Temperature #5,Temperature #6,Fan #2,Fan #3,CPU Core #1,CPU Core #2,CPU Core #3,CPU Core #4,CPU Core #5,CPU Core #6,CPU Total,CPU Core #1.1,CPU Core #2.1,CPU Core #3.1,CPU Core #4.1,CPU Core #5.1,CPU Core #6.1,CPU Package,CPU Core #1.2,CPU Core #2.2,CPU Core #3.2,CPU Core #4.2,CPU Core #5.2,CPU Core #6.2,CPU Package.1,CPU Cores,CPU Graphics,CPU DRAM,Bus Speed,Memory,Used Memory,Available Memory,GPU Core,GPU Memory,GPU VRM Core,GPU VRM Memory #1,GPU VRM Memory #2,GPU Hot Spot,GPU Total,GPU Fan,GPU Core.1,GPU Memory.1,GPU SOC,GPU Core.2,GPU Memory.2,GPU SOC.1,GPU Core.3,GPU Memory.3,GPU Fan.1,Remaining Life,Total Bytes Written,Used Space,Temperature,Write Amplification,Remaining Life.1,Total Bytes Written.1,Used Space.1,Temperature.1,Write Amplification.1
1866,1866,2022-03-20 00:51:30-04:00,60.0,100,100,100,100,100,100,0.616000056,1.008,3.37600017,3.40800023,1.0,0.960000038,1.008,3.37600017,3.26400018,0.496000022,0.6,0.528,0.992000043,1.008,1.016,25.5,28,25.5,15,23,25,1923.0769,2173.913,0.78125,9.375,0.0,0.0,0.0,0.78125,1.82291865,22,23,22,22,22,22,25,1101.51892,801.1046,801.1046,801.1046,4205.79932,3304.55664,8.655456,3.535745,0,1.15205729,100.138077,25.8680038,4.116123,11.7959023,48,50,0,0,0,48,10,0,790,200,67,0.775000036,0.675,0.8,0,1,0,100,1111.96838,69.1098,26,1.51994562,99,2044.92419,84.3794556,26,1.51679182
1867,1867,2022-03-20 00:51:31-04:00,60.7843132,100,100,100,100,100,100,0.944000065,1.008,3.37600017,3.40800023,1.0,0.960000038,1.008,3.37600017,3.26400018,0.496000022,0.6,0.528,0.992000043,1.008,1.016,25.5,28,25.5,15,23,25,1923.0769,2173.913,28.07765,5.44471169,14.84375,3.1129837,7.03125,3.14980149,10.2766933,34,25,24,24,23,24,34,4005.52246,4105.66064,4005.52246,4005.52246,4005.52246,4105.66064,17.0438728,13.4312916,0,1.23336947,100.138062,26.3820419,4.197918,11.7141075,48,50,0,0,0,48,10,0,790,200,32,0.775000036,0.675,0.8,0,1,0,100,1111.96838,69.1098,26,1.51994562,99,2044.92419,84.3794556,26,1.51679182
1868,1868,2022-03-20 00:51:32-04:00,62.7451,100,100,100,100,100,100,0.960000038,1.008,3.37600017,3.40800023,0.992000043,0.960000038,1.008,3.37600017,3.26400018,0.504,0.6,0.528,0.992000043,1.016,1.016,25.5,28,25.5,15,23,25,1912.18127,2173.913,7.8125,47.65625,0.78125,0.0,0.0,2.34375,9.765625,24,34,23,25,22,24,34,4105.66,4105.66,4005.522,4005.522,4005.522,4105.66,17.4802818,12.5892305,0,1.1554,100.138046,26.5317841,4.22174454,11.6902809,49,50,0,0,0,49,10,0,790,200,34,0.775000036,0.675,0.8,0,1,0,100,1111.96838,69.1098,26,1.51994562,99,2044.92419,84.3794556,26,1.51679182
1869,1869,2022-03-20 00:51:33-04:00,62.7451,100,100,100,100,100,100,0.968000054,1.008,3.37600017,3.40800023,0.992000043,0.960000038,1.008,3.37600017,3.26400018,0.496000022,0.6,0.528,0.992000043,1.016,1.016,25.5,28,25.5,15,23,25,1923.0769,2184.466,14.654356,19.53125,14.80769,20.3004837,13.9663458,7.03125,15.04857,23,25,24,25,27,33,33,4005.522,4005.522,4005.522,4005.522,4005.522,4005.522,21.3422432,17.6567421,0,1.48833573,100.138054,27.23964,4.33437729,11.5776482,48,50,0,0,0,48,11,0,790,202,153,0.775000036,0.675,0.8,4,2,0,100,1111.96838,69.1098,25,1.51994574,99,2044.92981,84.3790359,26,1.51679122
1870,1870,2022-03-20 00:51:34-04:00,60.0,100,100,100,100,100,100,0.968000054,1.008,3.37600017,3.40800023,0.992000043,0.960000038,1.008,3.37600017,3.26400018,0.496000022,0.6,0.528,0.992000043,1.008,1.016,25.5,28,25.5,15,23,25,1936.87231,2177.41943,20.3125,28.90625,19.53125,15.625,18.0555573,18.75,20.1967545,25,26,26,25,37,27,37,4005.52148,4005.52148,4005.52148,4005.52148,4005.52148,4005.52148,26.2022514,23.2309818,0,1.8228159,100.138039,28.4460373,4.52634048,11.385685,48,50,0,0,0,48,12,0,789,200,201,0.775000036,0.675,0.8,6,1,0,100,1111.96838,69.1098,25,1.51994574,99,2044.92981,84.3790359,26,1.51679122
1871,1871,2022-03-20 00:51:35-04:00,60.0,100,100,100,100,100,100,0.91200006,1.008,3.37600017,3.40800023,0.992000043,0.960000038,1.008,3.37600017,3.26400018,0.504,0.6,0.528,0.992000043,1.016,1.016,25.5,28,25.5,15,23,25,1920.34143,2177.41943,11.71875,21.09375,9.375,7.8125,7.8004837,12.5,11.7167473,24,26,24,24,25,24,26,3705.10669,4005.52075,4005.52075,4005.52075,4005.52075,4005.52075,18.8902512,16.0883045,0,1.52573514,100.138023,28.4748535,4.53092575,11.3811,49,50,0,0,0,49,11,0,790,202,140,0.775000036,0.675,0.8,2,1,0,100,1111.96838,69.1098,25,1.51994574,99,2044.92981,84.3790359,26,1.51679122
1872,1872,2022-03-20 00:51:36-04:00,60.0,100,100,100,100,100,100,0.9760001,1.008,3.37600017,3.40800023,0.992000043,0.960000038,1.008,3.37600017,3.26400018,0.496000022,0.6,0.528,0.992000043,1.016,1.016,25.5,28,25.5,15,23,25,1920.34143,2170.418,5.46875,28.125,7.8125,7.03125,7.03125,6.25,10.2864561,25,34,25,31,24,25,34,4005.52222,4005.52222,4005.52222,4005.52222,4005.52222,4005.52222,17.4551487,13.9594746,0,1.52010524,100.138054,28.5421448,4.54163361,11.3703918,49,50,0,0,0,49,10,0,790,202,72,0.8,0.675,0.8,0,1,0,100,1111.96838,69.1098,25,1.51994574,99,2044.92981,84.3790359,26,1.51679122
1873,1873,2022-03-20 00:51:37-04:00,60.0,100,100,100,100,100,100,0.776,1.008,3.37600017,3.40800023,0.992000043,0.960000038,1.008,3.37600017,3.26400018,0.496000022,0.6,0.528,0.992000043,1.008,1.016,25.5,28,25.5,15,23,25,1925.82031,2177.41943,9.375,15.625,4.6875,18.75,1.5625,3.125,8.854169,23,24,22,23,22,23,25,3805.24561,2904.00317,3805.24561,3805.24561,3805.24561,2904.00317,15.6282578,12.0796146,0,1.37092316,100.138039,28.4275818,4.523403,11.3886223,48,50,0,0,0,48,10,0,790,200,134,0.775000036,0.675,0.8,1,1,0,100,1111.96838,69.1098,25,1.51994574,99,2044.92981,84.3790359,26,1.51679122
1874,1874,2022-03-20 00:51:38-04:00,60.0,100,100,100,100,100,100,0.952,1.008,3.3920002,3.40800023,1.0,0.960000038,1.008,3.37600017,3.26400018,0.496000022,0.6,0.528,0.992000043,1.016,1.016,25.5,28,25.5,15,23,25,1936.87231,2177.41943,11.036706,12.5,12.5,3.125,20.3125,4.6754837,10.6916132,23,24,22,32,22,24,32,4005.52148,4005.52148,4005.52148,4005.52148,4005.52148,4005.52148,16.4984455,13.0416927,0,1.43655,100.138039,29.20459,4.64704132,11.2649841,49,50,0,0,0,49,10,0,790,202,98,0.775000036,0.675,0.8,1,1,0,100,1111.96838,69.1098,25,1.51994574,99,2044.92981,84.3790359,26,1.51679122
1875,1875,2022-03-20 00:51:39-04:00,60.0,100,100,100,100,100,100,0.69600004,1.008,3.37600017,3.40800023,1.0,0.960000038,1.008,3.37600017,3.26400018,0.496000022,0.6,0.528,0.992000043,1.008,1.016,25.5,28,25.5,15,23,25,1936.87231,2173.913,7.00721169,19.53125,3.90625,7.8125,6.25,4.6875,8.19912,23,24,22,22,22,22,25,3404.69263,4005.52075,3104.27856,2203.03638,1301.79431,801.1042,9.432533,6.20620251,0,1.34793484,100.138023,28.5261383,4.53908539,11.37294,49,50,0,0,0,49,10,0,789,200,101,0.775000036,0.675,0.8,0,1,0,100,1111.96838,69.1098,25,1.51994574,99,2044.92981,84.3790359,26,1.51679122
1876,1876,2022-03-20 00:51:40-04:00,60.0,100,100,100,100,100,100,0.944000065,1.008,3.37600017,3.40800023,1.0,0.960000038,1.008,3.37600017,3.26400018,0.496000022,0.6,0.528,0.992000043,1.016,1.016,25.5,28,25.5,15,23,25,1920.34143,2177.41943,6.25,13.28125,1.5625,3.90625,19.53125,2.34375,7.8125,23,24,23,23,34,24,33,4005.52246,4005.52246,4005.52246,4005.52246,4005.52246,4005.52246,14.89222,11.51557,0,1.39924359,100.138062,29.2627716,4.65629959,11.2557259,49,50,0,0,0,49,11,0,790,204,127,0.775000036,0.675,0.8,1,1,0,100,1111.96838,69.1098,25,1.51994574,99,2044.92981,84.3790359,26,1.51679122
1877,1877,2022-03-20 00:51:41-04:00,60.0,100,100,100,100,100,100,0.944000065,1.008,3.37600017,3.40800023,0.992000043,0.960000038,1.008,3.37600017,3.26400018,0.504,0.6,0.528,0.992000043,1.016,1.016,25.5,28,25.5,15,23,25,1912.18127,2177.41943,3.125,41.40625,14.84375,12.5,3.90625,3.90625,13.28125,23,25,24,33,23,24,33,4005.52173,4005.52173,4005.52173,4005.52173,4005.52173,4005.52173,17.65342,14.28693,0,1.33968353,100.138039,29.2374268,4.65226746,11.259758,49,50,0,0,0,49,10,0,790,200,135,0.775000036,0.675,0.8,2,1,0,100,1111.96838,69.1098,25,1.51994574,99,2044.92981,84.3790359,26,1.51679122
1878,1878,2022-03-20 00:51:42-04:00,60.0,100,100,100,100,100,100,0.944000065,1.008,3.37600017,3.40800023,1.0,0.960000038,1.008,3.37600017,3.26400018,0.496000022,0.6,0.528,0.992000043,1.016,1.016,25.5,28,25.5,15,23,25,1925.82031,2170.418,1.5625,11.71875,23.4498978,29.6875,2.34375,1.5625,11.7208185,25,25,33,24,24,24,33,4005.52173,4005.52173,4005.52173,4005.52173,4005.52173,4005.52173,16.7697487,13.4088573,0,1.30146194,100.138046,29.3146973,4.664562,11.2474632,49,50,0,0,0,49,12,0,791,392,127,0.775000036,0.675,0.8,2,1,0,100,1111.96838,69.1098,25,1.51994574,99,2044.92981,84.3790359,26,1.51679122
1879,1879,2022-03-20 00:51:43-04:00,60.0,100,100,100,100,100,100,0.992000043,1.008,3.37600017,3.40800023,0.992000043,0.960000038,1.008,3.37600017,3.26400018,0.496000022,0.6,0.528,0.992000043,1.008,1.016,25.5,28,25.5,15,23,25,1934.09741,2173.913,16.40625,26.5625,23.2812519,15.625,12.46394,14.0625,18.066906,36,27,37,28,29,26,37,4005.522,4005.522,4005.522,4005.522,4005.522,4005.522,25.1974945,21.9664478,0,1.67673707,100.138046,30.1622849,4.799431,11.1125946,49,50,0,0,0,49,14,0,789,200,244,0.775000036,0.675,0.8,16,1,0,100,1111.96838,69.1098,25,1.51994574,99,2044.92981,84.3790359,26,1.51679122
1880,1880,2022-03-20 00:51:44-04:00,60.0,100,100,100,100,100,100,0.984,1.008,3.37600017,3.40800023,0.992000043,0.960000038,1.008,3.37600017,3.26400018,0.504,0.6,0.528,0.992000043,1.008,1.016,25.5,28,25.5,15,23,25,1920.34143,2170.418,13.28125,27.34375,39.84375,19.53125,14.84375,13.28125,21.3541679,26,26,35,27,35,26,35,4005.52148,4005.52148,4005.52148,4005.52148,4005.52148,4005.52148,27.8553028,25.2098045,0,1.69854331,100.138039,31.4053268,4.997223,10.9148026,50,52,0,0,0,50,17,0,790,996,165,0.8,0.85,0.8,4,1,0,100,1111.96838,69.1098,25,1.51994574,99,2044.92981,84.3790359,26,1.51679122
1881,1881,2022-03-20 00:51:45-04:00,60.0,100,100,100,100,100,100,0.992000043,1.008,3.37600017,3.40800023,0.992000043,0.960000038,1.008,3.37600017,3.26400018,0.504,0.6,0.528,0.992000043,1.016,1.016,25.5,28,25.5,15,23,25,1923.0769,2166.934,14.0625,21.875,29.6875,28.90625,13.28125,24.21875,22.0052071,28,36,29,29,29,35,35,4005.52148,4005.52148,4005.52148,4005.52148,4005.52148,4005.52148,28.5072536,25.7556934,0,1.7011553,100.138039,32.30597,5.14053345,10.771492,50,52,0,0,0,50,16,0,791,1000,99,0.8,0.85,0.8,0,0,0,100,1111.96838,69.1098,25,1.51994574,99,2044.92981,84.3790359,26,1.51679122
1882,1882,2022-03-20 00:51:46-04:00,60.0,100,100,100,100,100,100,1.0,1.008,3.37600017,3.40800023,0.992000043,0.960000038,1.008,3.37600017,3.26400018,0.496000022,0.6,0.528,0.992000043,1.008,1.016,25.5,28,25.5,15,23,25,1920.34143,2177.41943,9.230768,42.3076935,18.4615364,14.6153812,19.9999981,23.84615,21.4102516,27,29,26,29,27,28,29,4005.522,4005.522,4005.522,4005.522,4005.522,4005.522,27.0302734,24.4467773,0,1.99620676,100.138046,33.7331848,5.367634,10.5443916,50,50,0,0,0,50,23,0,786,576,633,0.8,0.85,0.8,62,5,0,100,1111.96838,69.1098,25,1.51994574,99,2044.92981,84.3790359,26,1.51679122
1883,1883,2022-03-20 00:51:47-04:00,60.0,100,100,100,100,100,100,1.0,1.008,3.37600017,3.40800023,0.992000043,0.960000038,1.008,3.37600017,3.26400018,0.496000022,0.6,0.528,0.992000043,1.008,1.016,25.5,28,25.5,15,23,25,1912.18127,2166.934,25.0,25.78125,13.28125,4.6875,17.1875,15.625,16.9270821,27,27,25,27,30,26,30,4005.52124,4005.52124,4005.52124,4005.52124,4005.52124,4005.52124,26.3805523,23.8394146,0,1.7016418,100.138031,34.5784,5.502125,10.4099007,51,52,0,0,0,51,26,0,786,970,627,0.8,0.85,0.8,47,2,0,100,1111.96838,69.1098,25,1.51994574,99,2044.92981,84.3790359,26,1.51679122
1884,1884,2022-03-20 00:51:48-04:00,60.0,100,100,100,100,100,100,0.816000044,1.008,3.37600017,3.40800023,0.992000043,0.960000038,1.008,3.37600017,3.26400018,0.496000022,0.6,0.528,0.992000043,1.016,1.016,26.0,28,25.5,15,23,25,1925.82031,2184.466,6.25,12.5,6.25,15.625,7.03125,3.125,8.463544,23,25,23,24,25,24,26,4005.522,4005.522,4005.522,3404.6936,2904.00342,3705.108,15.7391558,13.08192,0,1.47991121,100.138046,34.56906,5.500637,10.4113884,50,52,0,0,0,50,16,0,791,854,170,0.775000036,0.85,0.8,2,4,0,100,1111.96838,69.1098,25,1.51994574,99,2044.92981,84.3790359,26,1.51679122
1885,1885,2022-03-20 00:51:49-04:00,60.0,100,100,100,100,100,100,0.8880001,1.008,3.37600017,3.40800023,0.992000043,0.960000038,1.008,3.37600017,3.26400018,0.496000022,0.6,0.528,0.992000043,1.016,1.016,26.0,28,25.5,15,23,25,1934.09741,2173.913,3.125,7.03125,3.90625,0.78125,7.8125,4.6875,4.557294,24,26,29,26,24,25,29,4005.52173,4005.52173,4005.52173,4005.52173,4005.52173,4005.52173,13.184804,10.2806835,0,1.39078057,100.138039,34.7688522,5.53242874,10.3795967,50,52,0,0,0,50,16,0,791,1000,113,0.775000036,0.85,0.8,1,1,0,100,1111.96838,69.1098,25,1.51994574,99,2044.92981,84.3790359,26,1.51679122
1886,1886,2022-03-20 00:51:50-04:00,60.0,100,100,100,100,100,100,0.688,1.008,3.37600017,3.40800023,0.992000043,0.960000038,1.008,3.37600017,3.26400018,0.496000022,0.6,0.528,0.992000043,1.016,1.016,26.0,28,25.5,15,23,25,1923.0769,2173.913,5.46875,17.96875,9.375,2.34375,5.46875,7.88810253,8.085519,23,25,27,24,25,24,27,4005.522,4005.522,3404.6936,3705.10767,3404.6936,4005.522,13.4201145,10.5528669,0,1.42311382,100.138046,34.68094,5.51844025,10.3935852,50,54,0,0,0,50,17,0,790,1000,96,0.8,0.85,0.8,1,1,0,100,1111.96838,69.1098,25,1.51994574,99,2044.92981,84.3790359,26,1.51679122
1887,1887,2022-03-20 00:51:51-04:00,60.0,100,100,100,100,100,100,0.784000039,1.008,3.37600017,3.40800023,0.992000043,0.960000038,1.008,3.37600017,3.26400018,0.496000022,0.6,0.528,0.992000043,1.008,1.016,26.0,28,25.5,15,23,25,1923.0769,2173.913,3.125,7.03125,3.125,3.90625,9.375,3.90625,5.078125,24,33,29,32,26,24,33,4005.522,4005.522,4005.522,4005.522,4005.522,4005.522,13.8883133,11.0975761,0,1.4072547,100.138054,34.788826,5.53560638,10.3764191,50,52,0,0,0,50,23,0,788,996,518,0.8,0.85,0.8,35,2,0,100,1111.96838,69.1098,25,1.51994574,99,2044.92981,84.3790359,26,1.51679122
1888,1888,2022-03-20 00:51:52-04:00,60.0,100,100,100,100,100,100,0.816000044,1.008,3.37600017,3.40800023,0.992000043,0.960000038,1.008,3.37600017,3.26400018,0.496000022,0.6,0.528,0.992000043,1.016,1.016,26.0,28,25.5,15,23,25,1912.18127,2170.418,16.9230766,17.6923027,16.9230766,10.76923,10.76923,8.4615345,13.58974,24,25,24,24,25,24,26,4005.521,4005.521,4005.521,4005.521,4005.521,3705.107,17.8843555,15.0637178,0,1.84410715,100.138031,35.0422058,5.575924,10.3361015,51,52,0,0,0,51,17,0,791,1000,108,0.775000036,0.85,0.8,3,1,0,100,1111.96838,69.1098,25,1.51994574,99,2044.92981,84.3790359,26,1.51679122
1889,1889,2022-03-20 00:51:53-04:00,60.0,100,100,100,100,100,100,0.8,1.008,3.37600017,3.40800023,0.992000043,0.960000038,1.008,3.37600017,3.26400018,0.496000022,0.6,0.528,0.992000043,1.016,1.016,26.0,28,25.5,15,23,25,1923.0769,2173.913,2.30768919,10.76923,1.53846145,2.30768919,3.8461566,1.53846145,3.717953,23,25,23,23,25,23,25,4005.52148,3404.69336,4005.52148,3705.10742,3404.69336,4005.52148,12.1617737,9.33239651,0,1.35929394,100.138039,35.0330429,5.57446671,10.3375587,51,52,0,0,0,51,17,0,791,998,164,0.775000036,0.85,0.8,3,2,0,100,1111.96838,69.1098,25,1.51994574,99,2044.92981,84.3790359,26,1.51679122
1890,1890,2022-03-20 00:51:54-04:00,60.0,100,100,100,100,100,100,0.856000066,1.008,3.37600017,3.40800023,0.992000043,0.960000038,1.008,3.37600017,3.26400018,0.504,0.6,0.528,0.992000043,1.008,1.016,26.0,28,25.5,15,23,25,1931.33044,2170.418,3.076923,15.3846149,4.615384,1.53846145,6.153846,6.153846,6.15385151,23,25,23,23,24,24,26,3705.10815,4005.52222,4005.52222,4005.52222,4005.52222,4005.52222,14.0474405,11.1876287,0,1.4776113,100.138054,35.0696259,5.580288,10.3317375,50,52,0,0,0,50,16,0,790,928,128,0.775000036,0.85,0.8,2,2,0,100,1111.96838,69.1098,25,1.51994574,99,2044.92981,84.3790359,26,1.51679122
1891,1891,2022-03-20 00:51:55-04:00,60.0,100,100,100,100,100,100,0.960000038,1.008,3.37600017,3.40800023,0.992000043,0.960000038,1.008,3.37600017,3.26400018,0.496000022,0.6,0.528,0.992000043,1.016,1.016,26.0,28,25.5,15,23,25,1920.34143,2177.41943,6.92307949,14.6153812,2.31971145,3.076923,3.8461566,3.8461566,5.77123737,23,24,23,23,23,23,25,3705.107,4005.521,4005.521,4005.521,4005.521,4005.521,12.6267662,9.795745,0,1.391898,100.138023,35.15641,5.594097,10.3179283,50,52,0,0,0,50,16,0,789,598,275,0.775000036,0.85,0.8,8,8,0,100,1111.96838,69.1098,25,1.51994574,99,2044.92981,84.3790359,26,1.51679122
1892,1892,2022-03-20 00:51:56-04:00,60.0,100,100,100,100,100,100,0.968000054,1.008,3.3920002,3.40800023,0.992000043,0.960000038,1.008,3.37600017,3.26400018,0.496000022,0.6,0.528,0.992000043,1.008,1.016,26.0,28,25.5,15,23,25,1923.0769,2184.466,3.90625,19.53125,6.2379837,9.303975,4.6875,2.34375,7.66844749,24,25,23,24,24,24,25,4005.52222,4005.52222,2904.00366,3705.108,2904.00366,4005.52222,16.307066,13.4993935,0,1.74640083,100.138054,35.2754669,5.613041,10.2989845,50,52,0,0,0,50,16,0,791,942,103,0.775000036,0.85,0.8,2,1,0,100,1111.96838,69.1098,25,1.51994574,99,2044.92981,84.3790359,26,1.51679122
1893,1893,2022-03-20 00:51:57-04:00,60.0,100,100,100,100,100,100,0.784000039,1.008,3.37600017,3.40800023,1.0,0.960000038,1.008,3.37600017,3.26400018,0.496000022,0.6,0.528,0.992000043,1.008,1.016,26.0,28,25.5,15,23,25,1920.34143,2173.913,4.6875,14.84375,5.46875,1.5625,5.46875,5.46875,6.25,30,25,24,24,23,25,30,4005.52148,4005.52148,4005.52148,4005.52148,2904.00317,2904.00317,12.185957,9.327066,0,1.33321548,100.138039,35.2658,5.6115036,10.3005219,51,52,0,0,0,51,16,0,790,840,131,0.775000036,0.85,0.8,5,5,0,100,1111.96838,69.1098,25,1.51994574,99,2044.92981,84.3790359,26,1.51679122
1894,1894,2022-03-20 00:51:58-04:00,60.0,100,100,100,100,100,100,0.944000065,1.008,3.37600017,3.40800023,0.992000043,0.960000038,1.008,3.37600017,3.26400018,0.496000022,0.6,0.528,0.992000043,1.008,1.016,26.0,28,25.5,15,23,25,1912.18127,2166.934,4.615384,9.230768,10.76923,2.30768919,5.384612,6.153846,6.410265,24,25,33,24,24,24,33,4005.52124,4005.52124,2904.003,4005.52124,4005.52124,4005.52124,13.3468065,10.5039883,0,1.4469316,100.138031,35.34247,5.623703,10.2883224,51,52,0,0,0,51,17,0,790,848,175,0.775000036,0.85,0.8,5,7,0,100,1111.96838,69.1098,25,1.51994574,99,2044.92981,84.3790359,26,1.51679122
1895,1895,2022-03-20 00:51:59-04:00,60.0,100,100,100,100,100,100,0.752000034,1.008,3.37600017,3.40800023,0.992000043,0.960000038,1.008,3.37600017,3.26400018,0.496000022,0.6,0.528,0.992000043,1.016,1.016,26.0,28,25.5,15,23,25,1925.82031,2177.41943,3.125,1.5625,6.25,0.0,1.5625,3.125,2.60416865,23,23,22,23,23,23,25,4005.52246,3705.10815,3705.10815,2904.00366,4005.52246,4005.52246,12.0102472,9.186745,0,1.26626658,100.138062,35.35005,5.62490845,10.287117,51,54,0,0,0,51,17,0,789,800,211,0.775000036,0.85,0.8,8,8,0,100,1111.96838,69.1098,25,1.51994574,99,2044.92981,84.3790359,26,1.51679122
1896,1896,2022-03-20 00:52:00-04:00,60.0,100,100,100,100,100,100,0.72,1.008,3.37600017,3.40800023,0.992000043,0.960000038,1.008,3.37600017,3.26400018,0.496000022,0.6,0.528,0.992000043,1.016,1.016,26.0,28,25.5,15,23,25,1936.87231,2170.418,2.34375,15.625,2.34375,0.0,1.5625,3.125,4.166669,23,33,23,25,24,24,33,4005.52124,4005.52124,4005.52124,4005.52124,4005.52124,4005.52124,12.8016653,9.965726,0,1.40045154,100.138031,35.4585571,5.642174,10.2698517,51,52,0,0,0,51,16,0,790,872,144,0.775000036,0.85,0.8,4,6,0,100,1111.96838,69.1098,25,1.51994574,99,2044.92981,84.3790359,26,1.51679122
1897,1897,2022-03-20 00:52:01-04:00,60.0,100,100,100,100,100,100,0.8,1.008,3.37600017,3.40800023,0.992000043,0.960000038,1.008,3.37600017,3.26400018,0.496000022,0.6,0.528,0.992000043,1.016,1.016,26.0,28,25.5,15,23,25,1936.87231,2173.913,1.53846145,10.0000019,2.30768919,3.076923,3.076923,6.92307949,4.48718643,22,23,22,22,22,23,25,3705.10767,2904.00317,2904.00317,3705.10767,4005.52173,4005.52173,11.2888308,8.48172951,0,1.2552737,100.138046,35.491394,5.6474,10.2646255,51,52,0,0,0,51,14,0,790,480,129,0.775000036,0.675,0.8,2,4,0,100,1111.96838,69.1098,25,1.51994574,99,2044.92981,84.3790359,26,1.51679122
1898,1898,2022-03-20 00:52:02-04:00,60.0,100,100,100,100,100,100,0.744,1.008,3.37600017,3.40800023,1.0,0.968000054,1.008,3.37600017,3.26400018,0.504,0.6,0.528,0.992000043,1.016,1.016,26.0,28,25.5,15,23,25,1920.34143,2180.937,9.230768,6.153846,1.53846145,0.0,3.076923,1.53846145,3.58974338,23,33,23,24,23,24,33,4005.52148,4005.52148,4005.52148,4005.52148,4005.52148,2904.00317,12.7800322,9.93429852,0,1.38396907,100.138039,35.53949,5.655052,10.2569733,51,52,0,0,0,51,16,0,791,872,123,0.775000036,0.85,0.8,3,5,0,100,1111.96838,69.1098,25,1.51994574,99,2044.92981,84.3790359,26,1.51679122
1899,1899,2022-03-20 00:52:03-04:00,60.0,100,100,100,100,100,100,0.960000038,1.008,3.37600017,3.40800023,0.992000043,0.968000054,1.008,3.37600017,3.26400018,0.496000022,0.6,0.528,0.992000043,1.008,1.016,26.0,28,25.5,15,23,25,1912.18127,2170.418,2.30768919,10.8533621,0.0,1.53846145,5.384612,1.53846145,3.60376835,23,24,22,23,24,23,25,4005.522,4005.522,4005.522,3504.83179,4005.522,4005.522,11.3721943,8.55443,0,1.27131689,100.138054,35.5961838,5.664074,10.2479515,51,54,0,0,0,51,17,0,789,718,254,0.775000036,0.85,0.8,10,8,0,100,1111.96838,69.1098,25,1.519946,99,2044.94946,84.37944,26,1.51678908
1900,1900,2022-03-20 00:52:04-04:00,60.0,100,100,100,100,100,100,0.864,1.008,3.37600017,3.40800023,0.992000043,0.968000054,1.008,3.37600017,3.26400018,0.496000022,0.6,0.528,0.992000043,1.016,1.016,26.0,28,25.5,15,23,25,1923.0769,2177.41943,3.125,9.350962,4.713064,0.0,1.5625,1.5625,3.385669,23,25,34,24,24,24,34,4005.52124,4005.52124,4105.659,4005.52124,4005.52124,4005.52124,12.8418121,9.954773,0,1.38488519,100.138031,35.64013,5.67106628,10.2409592,51,54,0,0,0,51,17,0,791,994,100,0.775000036,0.85,0.8,0,1,0,100,1111.96838,69.1098,25,1.519946,99,2044.94946,84.37944,26,1.51678908
1901,1901,2022-03-20 00:52:05-04:00,60.0,100,100,100,100,100,100,0.944000065,1.008,3.37600017,3.40800023,0.992000043,0.968000054,1.008,3.37600017,3.26400018,0.496000022,0.6,0.528,0.992000043,1.008,1.016,25.5,28,25.5,15,23,25,1934.09741,2170.418,5.396634,8.473557,6.178975,0.7692337,0.7692337,4.615384,4.367179,23,23,22,22,24,23,25,4005.522,4005.522,4005.522,4005.522,2904.00342,2904.00342,11.3543911,8.492886,0,1.27435243,100.138046,35.68345,5.67795944,10.234066,51,54,0,0,0,51,17,0,790,778,222,0.775000036,0.85,0.8,5,8,0,100,1111.96838,69.1098,25,1.519946,99,2044.94946,84.37944,26,1.51678908
1902,1902,2022-03-20 00:52:06-04:00,60.0,100,100,100,100,100,100,0.712,1.008,3.3920002,3.40800023,0.992000043,0.968000054,1.016,3.3920002,3.26400018,0.496000022,0.6,0.528,0.992000043,1.016,1.016,25.5,28,25.5,15,23,25,1934.09741,2173.913,0.78125,8.59375,5.46875,2.34375,3.125,3.90625,4.036456,26,24,33,24,24,24,33,4005.52148,4005.52148,4005.52148,4005.52148,4005.52148,4005.52148,12.56593,9.704326,0,1.40049589,100.138039,35.77913,5.693184,10.2188416,51,52,0,0,0,51,15,0,790,706,210,0.775000036,0.85,0.8,1,5,0,100,1111.96838,69.1098,25,1.519946,99,2044.94946,84.37944,26,1.51678908
1903,1903,2022-03-20 00:52:07-04:00,60.0,100,100,100,100,100,100,0.72,1.008,3.3920002,3.40800023,1.0,0.968000054,1.016,3.37600017,3.26400018,0.496000022,0.6,0.528,0.992000043,1.008,1.016,25.5,28,25.5,15,23,25,1923.0769,2173.913,4.6875,3.91864777,3.88221145,10.9375,4.6875,2.34375,5.076188,23,23,22,23,24,23,25,4005.522,4005.522,4005.522,4005.522,4005.522,4005.522,11.5233927,8.666579,0,1.27171969,100.138046,35.782196,5.693672,10.2183533,51,54,0,0,0,51,17,0,790,996,131,0.8,0.85,0.8,2,1,0,100,1111.96838,69.1098,25,1.519946,99,2044.94946,84.37944,26,1.51678908
1904,1904,2022-03-20 00:52:08-04:00,60.0,100,100,100,100,100,100,0.72,1.008,3.3920002,3.40800023,0.992000043,0.968000054,1.016,3.3920002,3.26400018,0.496000022,0.6,0.528,0.992000043,1.016,1.016,25.5,28,25.5,15,23,25,1914.89368,2166.934,1.5625,10.1442337,0.0,0.7692337,3.125,3.125,3.12099457,23,32,23,24,24,23,32,4005.52148,4005.52148,4005.52148,4005.52148,4005.52148,4005.52148,12.4042892,9.559762,0,1.34491086,100.138039,36.57318,5.8195343,10.0924911,51,54,0,0,0,51,17,0,790,1000,103,0.775000036,0.85,0.8,1,1,0,100,1111.96838,69.1098,25,1.519946,99,2044.94946,84.37944,26,1.51678908
1905,1905,2022-03-20 00:52:09-04:00,60.0,100,100,100,100,100,100,0.8880001,1.008,3.3920002,3.40800023,0.992000043,0.968000054,1.008,3.37600017,3.26400018,0.496000022,0.6,0.528,0.992000043,1.016,1.016,25.5,28,25.5,15,23,25,1923.0769,2177.41943,3.8461566,14.6153812,0.0,0.7692337,6.153846,4.615384,5.000001,22,23,23,23,23,24,25,2904.003,3204.417,4005.52124,4005.52124,4005.52124,3705.10718,12.1659193,9.281502,0,1.295989,100.138031,35.92254,5.71600342,10.196022,51,54,0,0,0,51,17,0,791,1000,98,0.775000036,0.85,0.8,1,1,0,100,1111.96838,69.1098,25,1.519946,99,2044.94946,84.37944,26,1.51678908
1906,1906,2022-03-20 00:52:10-04:00,60.0,100,100,100,100,100,100,0.784000039,1.008,3.3920002,3.40800023,0.992000043,0.968000054,1.008,3.37600017,3.26400018,0.496000022,0.6,0.528,0.992000043,1.016,1.016,26.0,28,25.5,15,23,25,1925.82031,2177.41943,1.5625,9.375,0.78125,0.0,0.78125,1.5625,2.34375,22,23,24,22,24,24,25,4005.52222,4005.52222,4005.52222,4005.52222,4005.52222,4005.52222,12.0381308,9.19544,0,1.3171767,100.138054,36.1021,5.7445755,10.16745,51,54,0,0,0,51,16,0,790,992,93,0.8,0.85,0.8,1,1,0,100,1111.96838,69.1098,25,1.519946,99,2044.94946,84.37944,26,1.51678908
1907,1907,2022-03-20 00:52:11-04:00,60.0,100,100,100,100,100,100,0.824000061,1.008,3.3920002,3.40800023,0.992000043,0.968000054,1.008,3.37600017,3.26400018,0.496000022,0.6,0.528,0.992000043,1.016,1.016,25.5,28,25.5,15,23,25,1934.09741,2177.41943,1.5625,8.59375,0.78125,8.59375,6.25,4.699898,5.08019352,22,23,22,24,23,23,25,3404.69336,3705.10742,4005.52148,4005.52148,3705.10742,3705.10742,12.5490751,9.678346,0,1.34319425,100.138039,36.0318832,5.73340225,10.1786232,51,52,0,0,0,51,17,0,791,998,91,0.775000036,0.85,0.8,1,1,0,100,1111.96838,69.1098,25,1.519946,99,2044.94946,84.37944,26,1.51678908
1908,1908,2022-03-20 00:52:12-04:00,60.0,100,100,100,100,100,100,0.792000055,1.008,3.3920002,3.40800023,1.0,0.968000054,1.008,3.37600017,3.26400018,0.496000022,0.6,0.528,0.992000043,1.016,1.016,25.5,28,25.5,15,23,25,1923.0769,2177.41943,3.858173,10.0360575,2.34375,0.0,2.34375,3.076923,3.6097765,22,23,22,23,24,23,25,4005.52173,4005.52173,4005.52173,4005.52173,4005.52173,4005.52173,11.5558472,8.73650551,0,1.30333531,100.138039,36.2225227,5.76373672,10.1482887,51,54,0,0,0,51,18,0,790,966,197,0.775000036,0.85,0.8,4,3,0,100,1111.96838,69.1098,25,1.519946,99,2044.94946,84.37944,26,1.51678908
1909,1909,2022-03-20 00:52:13-04:00,60.0,100,100,100,100,100,100,0.960000038,1.008,3.3920002,3.40800023,0.992000043,0.968000054,1.008,3.37600017,3.26400018,0.496000022,0.6,0.528,0.992000043,1.016,1.016,25.5,28,25.5,15,23,25,1912.18127,2177.41943,3.96825075,5.53075075,5.46875,9.375,3.125,0.793647766,4.710227,23,24,22,23,24,23,25,4005.52148,4005.52148,4005.52148,4005.52148,4005.52148,4005.52148,12.757391,9.945034,0,1.360009,100.138039,36.13159,5.74926758,10.1627579,51,54,0,0,0,51,16,0,790,950,143,0.775000036,0.85,0.8,2,2,0,100,1111.96838,69.1098,25,1.519946,99,2044.94946,84.37944,26,1.51678908
