,Unnamed: 0,iteration,game_name,game_params,init_time,total_time,times,level,load
0,0,0,Fortnite,"{'move_time': 0.0, 'kill_mode': 'keyboard', 'process_name': ['Fortnite'], 'window_names': []}",2022-03-20 18:45:29.247292672,64.3147411346,"[1.6819572448730469, 43.143224239349365, 45.17079997062683, 63.99403738975525]",18.8232374191,41.4612669945
1,1,1,Fortnite,"{'move_time': 0.0, 'kill_mode': 'keyboard', 'process_name': ['Fortnite'], 'window_names': []}",2022-03-20 18:46:55.057352960,66.306620121,"[1.6812777519226074, 42.333845376968384, 44.374964237213135, 65.93091702461243]",21.5559527874,40.652567625
2,2,2,Fortnite,"{'move_time': 0.0, 'kill_mode': 'keyboard', 'process_name': ['Fortnite'], 'window_names': []}",2022-03-20 18:48:22.840542208,64.0708360672,"[1.679887056350708, 43.119340658187866, 45.1509690284729, 63.73572111129761]",18.5847520828,41.4394536018
3,3,3,Fortnite,"{'move_time': 0.0, 'kill_mode': 'keyboard', 'process_name': ['Fortnite'], 'window_names': []}",2022-03-20 18:49:48.380355584,64.909964323,"[1.704979419708252, 43.86413097381592, 45.879669427871704, 64.55771565437317]",18.6780462265,42.1591515541
4,4,4,Fortnite,"{'move_time': 0.0, 'kill_mode': 'keyboard', 'process_name': ['Fortnite'], 'window_names': []}",2022-03-20 18:51:14.754739968,66.3862166405,"[1.6845617294311523, 41.18428587913513, 43.22394800186157, 66.03187251091003]",22.807924509,39.4997241497
5,5,5,Fortnite,"{'move_time': 0.0, 'kill_mode': 'keyboard', 'process_name': ['Fortnite'], 'window_names': []}",2022-03-20 18:52:42.613093376,62.2678329945,"[1.6781017780303955, 41.82760214805603, 43.86923575401306, 61.942604780197144]",18.0733690262,40.14950037
6,6,6,Fortnite,"{'move_time': 0.0, 'kill_mode': 'keyboard', 'process_name': ['Fortnite'], 'window_names': []}",2022-03-20 18:54:06.349373696,62.7231538296,"[1.6771113872528076, 43.11022996902466, 45.150745153427124, 62.38860630989075]",17.2378611565,41.4331185818
7,7,7,Fortnite,"{'move_time': 0.0, 'kill_mode': 'keyboard', 'process_name': ['Fortnite'], 'window_names': []}",2022-03-20 18:55:30.552495872,65.0150728226,"[1.6924808025360107, 44.02744388580322, 46.054413080215454, 64.68665051460266]",18.6322374344,42.3349630833
8,8,8,Fortnite,"{'move_time': 0.0, 'kill_mode': 'keyboard', 'process_name': ['Fortnite'], 'window_names': []}",2022-03-20 18:56:57.051119360,62.1681334972,"[1.6932549476623535, 41.11078357696533, 43.13723707199097, 61.83888554573059]",18.7016484737,39.4175286293
9,9,9,Fortnite,"{'move_time': 0.0, 'kill_mode': 'keyboard', 'process_name': ['Fortnite'], 'window_names': []}",2022-03-20 18:58:20.737815552,62.2100110054,"[1.6952805519104004, 42.49264717102051, 44.535951137542725, 61.88641357421875]",17.3504624367,40.7973666191
10,10,0,GTA5,"{'move_time': 0.5, 'kill_mode': 'os', 'window_names': ['Grand Theft Auto V'], 'process_name': ['GTA5']}",2022-03-20 19:41:32.059072768,93.2041022778,"[1.7171547412872314, 45.558100938797, 93.08926677703857]",47.5311658382,43.8409461975
11,11,1,GTA5,"{'move_time': 0.5, 'kill_mode': 'os', 'window_names': ['Grand Theft Auto V'], 'process_name': ['GTA5']}",2022-03-20 19:43:26.978822400,93.2603261471,"[1.699530839920044, 45.554431438446045, 93.15955328941345]",47.605121851,43.8549005985
12,12,2,GTA5,"{'move_time': 0.5, 'kill_mode': 'os', 'window_names': ['Grand Theft Auto V'], 'process_name': ['GTA5']}",2022-03-20 19:45:21.929111040,93.7739341259,"[1.6999566555023193, 45.43674302101135, 93.65924096107483]",48.2224979401,43.7367863655
13,13,3,GTA5,"{'move_time': 0.5, 'kill_mode': 'os', 'window_names': ['Grand Theft Auto V'], 'process_name': ['GTA5']}",2022-03-20 19:47:17.379262976,93.9231638908,"[1.7000553607940674, 45.63926911354065, 93.80998945236206]",48.1707203388,43.9392137527
14,14,4,GTA5,"{'move_time': 0.5, 'kill_mode': 'os', 'window_names': ['Grand Theft Auto V'], 'process_name': ['GTA5']}",2022-03-20 19:49:12.962697216,93.7836236954,"[1.6999530792236328, 46.097110986709595, 93.67475771903992]",47.5776467323,44.3971579075
15,15,5,GTA5,"{'move_time': 0.5, 'kill_mode': 'os', 'window_names': ['Grand Theft Auto V'], 'process_name': ['GTA5']}",2022-03-20 19:51:08.412857088,93.4877552986,"[1.7001070976257324, 45.83694386482239, 93.37687969207764]",47.5399358273,44.1368367672
16,16,6,GTA5,"{'move_time': 0.5, 'kill_mode': 'os', 'window_names': ['Grand Theft Auto V'], 'process_name': ['GTA5']}",2022-03-20 19:53:03.547338752,92.9007675648,"[1.6994400024414062, 45.95688056945801, 92.7956075668335]",46.8387269974,44.257440567
17,17,7,GTA5,"{'move_time': 0.5, 'kill_mode': 'os', 'window_names': ['Grand Theft Auto V'], 'process_name': ['GTA5']}",2022-03-20 19:54:58.079512320,93.1215395927,"[1.7166402339935303, 45.46953463554382, 93.00929164886475]",47.5397570133,43.7528944016
18,18,8,GTA5,"{'move_time': 0.5, 'kill_mode': 'os', 'window_names': ['Grand Theft Auto V'], 'process_name': ['GTA5']}",2022-03-20 19:56:52.830919680,93.7730135918,"[1.6988801956176758, 45.49792456626892, 93.66681051254272]",48.1688859463,43.7990443707
19,19,9,GTA5,"{'move_time': 0.5, 'kill_mode': 'os', 'window_names': ['Grand Theft Auto V'], 'process_name': ['GTA5']}",2022-03-20 19:58:48.264218624,93.4312644005,"[1.6987411975860596, 45.85559105873108, 93.3263487815857]",47.4707577229,44.1568498611
20,20,0,CivVI,"{'move_time': 0.5, 'kill_mode': 'None', 'window_names': [""Sid Meier's Civilization VI (DX12)""]}",2022-03-20 20:00:43.347792384,113.9200174809,"[1.6836183071136475, 9.16483449935913, 56.028223514556885, 58.87367630004883, 69.01377153396606, 71.05023503303528, 102.24013257026672, 107.04701590538025, 109.90137195587158, 111.5848662853241, 113.58873748779297]",7.6612393856,59.8489370346
21,21,1,CivVI,"{'move_time': 0.5, 'kill_mode': 'None', 'window_names': [""Sid Meier's Civilization VI (DX12)""]}",2022-03-20 20:02:57.274013696,106.8119387627,"[1.6905877590179443, 9.123213291168213, 55.99208354949951, 58.841270208358765, 66.05009365081787, 68.07492852210999, 95.10485529899597, 99.92748379707336, 102.7701187133789, 104.47570276260376, 106.492258310318]",7.6652634144,56.9268803596
22,22,2,CivVI,"{'move_time': 0.5, 'kill_mode': 'None', 'window_names': [""Sid Meier's Civilization VI (DX12)""]}",2022-03-20 20:05:04.105149952,104.1297681332,"[1.6924362182617188, 7.056880712509155, 53.92372369766235, 56.76554250717163, 63.95736289024353, 65.96448040008545, 92.40782713890076, 97.23165822029114, 100.07463526725769, 101.78458714485168, 103.7995195388794]",7.6668081284,56.9004821777
23,23,3,CivVI,"{'move_time': 0.5, 'kill_mode': 'None', 'window_names': [""Sid Meier's Civilization VI (DX12)""]}",2022-03-20 20:07:08.239773440,104.9932632446,"[1.6894316673278809, 7.0786871910095215, 53.9384400844574, 56.77860450744629, 64.05007243156433, 66.06519603729248, 93.29238224029541, 98.11562418937683, 100.96753001213074, 102.67049717903137, 104.67252492904663]",7.6751477718,56.9713852406
24,24,4,CivVI,"{'move_time': 0.5, 'kill_mode': 'None', 'window_names': [""Sid Meier's Civilization VI (DX12)""]}",2022-03-20 20:09:13.237803008,104.8596773148,"[1.6779677867889404, 7.088191270828247, 53.94765758514404, 56.78953456878662, 63.99630951881409, 65.99947786331177, 93.1441810131073, 97.96362733840942, 100.80752229690552, 102.51213550567627, 104.53107166290283]",7.6633412838,56.908118248
25,25,5,CivVI,"{'move_time': 0.5, 'kill_mode': 'None', 'window_names': [""Sid Meier's Civilization VI (DX12)""]}",2022-03-20 20:11:18.107025408,104.8419589996,"[1.6911702156066895, 7.1092095375061035, 53.95025944709778, 56.80454683303833, 63.98058819770813, 65.99598574638367, 93.15590572357178, 97.967355966568, 100.81122303009033, 102.51096892356873, 104.51267910003662]",7.6553173065,56.8713786602
26,26,6,CivVI,"{'move_time': 0.5, 'kill_mode': 'None', 'window_names': [""Sid Meier's Civilization VI (DX12)""]}",2022-03-20 20:13:23.003044608,104.2255117893,"[1.6950464248657227, 7.092220783233643, 53.93345332145691, 56.78554368019104, 63.97799777984619, 66.01624417304993, 92.50558352470398, 97.32912230491638, 100.17931628227234, 101.87801122665405, 103.90137505531311]",7.6737327576,56.8857769966
27,27,7,CivVI,"{'move_time': 0.5, 'kill_mode': 'None', 'window_names': [""Sid Meier's Civilization VI (DX12)""]}",2022-03-20 20:15:27.240625152,104.0268285275,"[1.6916015148162842, 7.058421850204468, 53.9244282245636, 56.767642974853516, 63.904760122299194, 65.92667007446289, 92.32116198539734, 97.14215350151062, 99.97977757453918, 101.67616105079651, 103.697518825531]",7.6586155891,56.8463382721
28,28,8,CivVI,"{'move_time': 0.5, 'kill_mode': 'None', 'window_names': [""Sid Meier's Civilization VI (DX12)""]}",2022-03-20 20:17:31.334551040,104.850843668,"[1.681384563446045, 7.091493368148804, 53.945268392562866, 56.79187226295471, 63.975075244903564, 65.98566555976868, 93.12007188796997, 97.95108389854431, 100.80358934402466, 102.49696230888367, 104.52166295051575]",7.6835174561,56.8835818768
29,29,9,CivVI,"{'move_time': 0.5, 'kill_mode': 'None', 'window_names': [""Sid Meier's Civilization VI (DX12)""]}",2022-03-20 20:19:36.198376960,104.8535983562,"[1.7010223865509033, 7.091167211532593, 53.935888051986694, 56.781888484954834, 64.02059626579285, 66.05429339408875, 93.12487530708313, 97.96709394454956, 100.81735610961914, 102.5205135345459, 104.52896618843079]",7.6924808025,56.9294290543
30,30,0,PUBG,"{'move_time': 0.5, 'kill_mode': 'keyboard', 'window_names': [""PLAYER UNKOWN'S BATTLEGROUNDS""]}",2022-03-20 20:21:41.121583104,84.9241609573,"[1.676729679107666, 66.9867594242096, 84.5918972492218]",17.605137825,65.3100297451
31,31,1,PUBG,"{'move_time': 0.5, 'kill_mode': 'keyboard', 'window_names': [""PLAYER UNKOWN'S BATTLEGROUNDS""]}",2022-03-20 20:23:27.548769792,75.5088746548,"[1.684459924697876, 57.37288999557495, 75.18579697608948]",17.8129069805,55.6884300709
32,32,2,PUBG,"{'move_time': 0.5, 'kill_mode': 'keyboard', 'window_names': [""PLAYER UNKOWN'S BATTLEGROUNDS""]}",2022-03-20 20:25:04.519931136,73.9062356949,"[1.6959269046783447, 57.27911925315857, 73.57693004608154]",16.297810792900002,55.5831923485
33,33,3,PUBG,"{'move_time': 0.5, 'kill_mode': 'keyboard', 'window_names': [""PLAYER UNKOWN'S BATTLEGROUNDS""]}",2022-03-20 20:26:39.889905408,74.4909114838,"[1.7069413661956787, 57.33772611618042, 74.1581027507782]",16.8203766346,55.63078475
34,34,4,PUBG,"{'move_time': 0.5, 'kill_mode': 'keyboard', 'window_names': [""PLAYER UNKOWN'S BATTLEGROUNDS""]}",2022-03-20 20:28:15.857620992,75.4251365662,"[1.6919584274291992, 57.382065296173096, 75.07963681221008]",17.697571516,55.6901068687
35,35,5,PUBG,"{'move_time': 0.5, 'kill_mode': 'keyboard', 'window_names': [""PLAYER UNKOWN'S BATTLEGROUNDS""]}",2022-03-20 20:29:52.755992064,76.7203741074,"[1.6924197673797607, 58.76268982887268, 76.39952373504639]",17.6368339062,57.0702700615
36,36,6,PUBG,"{'move_time': 0.5, 'kill_mode': 'keyboard', 'window_names': [""PLAYER UNKOWN'S BATTLEGROUNDS""]}",2022-03-20 20:31:30.933357824,74.9807715416,"[1.700408697128296, 57.47630167007446, 74.64830446243286]",17.1720027924,55.7758929729
37,37,7,PUBG,"{'move_time': 0.5, 'kill_mode': 'keyboard', 'window_names': [""PLAYER UNKOWN'S BATTLEGROUNDS""]}",2022-03-20 20:33:07.385433600,74.1408493519,"[1.6979022026062012, 57.43895936012268, 73.82291674613953]",16.383957386,55.7410571575
38,38,8,PUBG,"{'move_time': 0.5, 'kill_mode': 'keyboard', 'window_names': [""PLAYER UNKOWN'S BATTLEGROUNDS""]}",2022-03-20 20:34:42.986822400,74.7157475948,"[1.6968965530395508, 57.26671004295349, 74.37657165527344]",17.1098616123,55.5698134899
39,39,9,PUBG,"{'move_time': 0.5, 'kill_mode': 'keyboard', 'window_names': [""PLAYER UNKOWN'S BATTLEGROUNDS""]}",2022-03-20 20:36:19.174353408,75.4322710037,"[1.681185245513916, 57.39009642601013, 75.09808897972107]",17.7079925537,55.7089111805
40,40,0,Hearthstone,"{'move_time': 0.0, 'kill_mode': 'os', 'process_name': ['Hearth', 'Battle'], 'window_names': ['Battle.net', 'Hearthstone']}",2022-03-20 20:37:56.063296256,112.0436606407,"[1.7217295169830322, 10.5192391872406, 34.16582012176514, 41.01614999771118, 42.68615913391113, 44.72598338127136, 46.787771701812744, 50.21790313720703, 52.27059268951416, 54.279157638549805, 86.11272144317627, 87.81671786308289, 104.83797836303711, 107.99935841560364, 109.67147946357727, 111.72057843208313]",6.8503298759,23.6465809345
41,41,1,Hearthstone,"{'move_time': 0.0, 'kill_mode': 'os', 'process_name': ['Hearth', 'Battle'], 'window_names': ['Battle.net', 'Hearthstone']}",2022-03-20 20:40:09.848605952,104.7462928295,"[1.7021901607513428, 9.21068000793457, 26.88329029083252, 33.74221086502075, 35.43788290023804, 38.91026020050049, 40.970786571502686, 42.996492862701416, 45.01457190513611, 47.04820132255554, 78.88853287696838, 80.59615516662598, 97.53586506843567, 100.69181728363037, 102.37855339050293, 104.42273807525635]",6.8589205742,17.6726102829
42,42,2,Hearthstone,"{'move_time': 0.0, 'kill_mode': 'os', 'process_name': ['Hearth', 'Battle'], 'window_names': ['Battle.net', 'Hearthstone']}",2022-03-20 20:42:16.396523520,104.3426003456,"[1.7089383602142334, 7.8851683139801025, 27.020227193832397, 33.86875629425049, 35.557857275009155, 37.613985776901245, 39.68817329406738, 41.72338533401489, 43.7563533782959, 45.78342342376709, 77.62590503692627, 79.33493614196777, 97.11224150657654, 100.30109810829163, 101.96958899497986, 104.01680159568787]",6.8485291004,19.1350588799
43,43,3,Hearthstone,"{'move_time': 0.0, 'kill_mode': 'os', 'process_name': ['Hearth', 'Battle'], 'window_names': ['Battle.net', 'Hearthstone']}",2022-03-20 20:44:22.413392384,104.0522158146,"[1.708282470703125, 7.799818515777588, 25.466876983642578, 32.32542848587036, 34.00439476966858, 36.04614591598511, 38.09005880355835, 40.10499882698059, 42.17623257637024, 44.19894075393677, 76.05417847633362, 77.7478301525116, 96.87051939964294, 100.03350925445557, 101.7029983997345, 103.73162412643433]",6.8585515022,17.6670584679
44,44,4,Hearthstone,"{'move_time': 0.0, 'kill_mode': 'os', 'process_name': ['Hearth', 'Battle'], 'window_names': ['Battle.net', 'Hearthstone']}",2022-03-20 20:46:28.147642368,102.7329523563,"[1.7043259143829346, 9.154751300811768, 26.93546772003174, 33.78751611709595, 35.468653202056885, 37.50933313369751, 39.5700478553772, 41.5874137878418, 43.61821722984314, 45.63167905807495, 77.48097467422485, 79.1809492111206, 95.52108764648438, 98.68168759346008, 100.36978197097778, 102.40123152732849]",6.8520483971,17.7807164192
45,45,5,Hearthstone,"{'move_time': 0.0, 'kill_mode': 'os', 'process_name': ['Hearth', 'Battle'], 'window_names': ['Battle.net', 'Hearthstone']}",2022-03-20 20:48:32.563111424,105.515090704,"[1.7089056968688965, 8.527510643005371, 26.151039600372314, 32.99265718460083, 34.671422719955444, 36.754093170166016, 38.81360912322998, 40.8404746055603, 42.88550853729248, 44.89870882034302, 76.74147248268127, 78.44751906394958, 98.28967881202698, 101.4621274471283, 103.15225887298584, 105.1840090751648]",6.8416175842,17.6235289574
46,46,6,Hearthstone,"{'move_time': 0.0, 'kill_mode': 'os', 'process_name': ['Hearth', 'Battle'], 'window_names': ['Battle.net', 'Hearthstone']}",2022-03-20 20:50:39.746275840,104.0707025528,"[1.692101001739502, 8.536519765853882, 26.30175256729126, 33.1336669921875, 34.80748248100281, 36.86565923690796, 38.92294931411743, 40.95935845375061, 43.001787185668945, 45.01441192626953, 76.84219598770142, 78.55051946640015, 96.88538360595703, 100.0485327243805, 101.71788668632507, 103.74587178230286]",6.8319144249,17.7652328014
47,47,7,Hearthstone,"{'move_time': 0.0, 'kill_mode': 'os', 'process_name': ['Hearth', 'Battle'], 'window_names': ['Battle.net', 'Hearthstone']}",2022-03-20 20:52:45.482673920,103.6095950603,"[1.7012419700622559, 7.879242420196533, 27.01447033882141, 33.87185072898865, 35.550217390060425, 37.608155488967896, 39.67781901359558, 41.71946930885315, 43.74781632423401, 45.77902340888977, 77.6156415939331, 79.33213663101196, 96.40018486976624, 99.5623197555542, 101.23330569267273, 103.2800509929657]",6.8573803902,19.1352279186
48,48,8,Hearthstone,"{'move_time': 0.0, 'kill_mode': 'os', 'process_name': ['Hearth', 'Battle'], 'window_names': ['Battle.net', 'Hearthstone']}",2022-03-20 20:54:50.779491840,101.9956564903,"[1.70908522605896, 9.202287912368774, 26.904526710510254, 33.76669144630432, 35.43649411201477, 37.49356484413147, 39.53493285179138, 41.56952619552612, 43.62073612213135, 45.63038682937622, 77.49717116355896, 79.20083260536194, 94.75915288925171, 97.95489883422852, 99.63667750358582, 101.6644651889801]",6.8621647358,17.7022387981
49,49,9,Hearthstone,"{'move_time': 0.0, 'kill_mode': 'os', 'process_name': ['Hearth', 'Battle'], 'window_names': ['Battle.net', 'Hearthstone']}",2022-03-20 20:56:54.413617664,102.7080142498,"[1.7077233791351318, 9.236948490142822, 26.91374373435974, 33.770156383514404, 35.45932722091675, 37.510082960128784, 39.57095718383789, 41.588923931121826, 43.65111970901489, 45.68247413635254, 77.5238983631134, 79.22991347312927, 95.5026524066925, 98.65979981422424, 100.33786010742188, 102.38174295425415]",6.8564126492,17.6767952442
50,50,0,Minecraft,"{'window_names': ['Minecraft Launcher', 'Minecraft 1.18.1'], 'move_time': 0.0, 'kill_mode': 'keyboard'}",2022-03-20 20:58:58.811531776,56.6408822536,"[1.7102181911468506, 7.023381471633911, 40.20936679840088, 42.32743430137634, 44.47465467453003, 56.30306839942932]",2.1472203732,33.1859853268
51,51,1,Minecraft,"{'window_names': ['Minecraft Launcher', 'Minecraft 1.18.1'], 'move_time': 0.0, 'kill_mode': 'keyboard'}",2022-03-20 21:00:16.937477376,39.7916762829,"[1.6959936618804932, 5.723058700561523, 23.065140962600708, 25.24584150314331, 27.353293895721436, 39.44524931907654]",2.1074523926,17.342082262
52,52,2,Minecraft,"{'window_names': ['Minecraft Launcher', 'Minecraft 1.18.1'], 'move_time': 0.0, 'kill_mode': 'keyboard'}",2022-03-20 21:01:18.221914112,40.5772998333,"[1.6935162544250488, 5.725633382797241, 23.561779975891113, 25.705668210983276, 27.83897829055786, 40.233293533325195]",2.1333100796,17.8361465931
53,53,3,Minecraft,"{'window_names': ['Minecraft Launcher', 'Minecraft 1.18.1'], 'move_time': 0.0, 'kill_mode': 'keyboard'}",2022-03-20 21:43:46.637063680,38.8268790245,"[1.7007207870483398, 5.037041902542114, 22.981108903884888, 25.152351140975952, 27.30671715736389, 38.41973876953125]",2.1543660164,17.9440670013
54,54,4,Minecraft,"{'window_names': ['Minecraft Launcher', 'Minecraft 1.18.1'], 'move_time': 0.0, 'kill_mode': 'keyboard'}",2022-03-20 21:51:42.335758592,38.4305946827,"[1.7015049457550049, 4.393161296844482, 22.066790342330933, 24.25646162033081, 26.411738634109497, 38.084572553634644]",2.1552770138,17.6736290455
55,55,5,Minecraft,"{'window_names': ['Minecraft Launcher', 'Minecraft 1.18.1'], 'move_time': 0.0, 'kill_mode': 'keyboard'}",2022-03-20 21:52:42.226286848,38.6757454872,"[1.7029290199279785, 5.05067777633667, 22.213976860046387, 24.435213327407837, 26.581000328063965, 38.317161321640015]",2.1457870007,17.1632990837
56,56,6,Minecraft,"{'window_names': ['Minecraft Launcher', 'Minecraft 1.18.1'], 'move_time': 0.0, 'kill_mode': 'keyboard'}",2022-03-20 21:53:42.357843712,39.4287388325,"[1.7189865112304688, 5.069105386734009, 22.7628276348114, 24.886235237121582, 27.049001693725586, 39.08710479736328]",2.1627664566,17.6937222481
57,57,7,Minecraft,"{'window_names': ['Minecraft Launcher', 'Minecraft 1.18.1'], 'move_time': 0.0, 'kill_mode': 'keyboard'}",2022-03-20 21:54:43.347962880,38.3904206753,"[1.6889004707336426, 5.042178153991699, 21.351806640625, 23.568515300750732, 25.685624361038208, 37.97165584564209]",2.1171090603,16.3096284866
58,58,8,Minecraft,"{'window_names': ['Minecraft Launcher', 'Minecraft 1.18.1'], 'move_time': 0.0, 'kill_mode': 'keyboard'}",2022-03-20 21:55:43.208031488,39.4693462849,"[1.694890022277832, 5.041949272155762, 22.685171127319336, 24.79114007949829, 26.943480491638184, 39.13471555709839]",2.1523404121,17.6432218552
59,59,9,Minecraft,"{'window_names': ['Minecraft Launcher', 'Minecraft 1.18.1'], 'move_time': 0.0, 'kill_mode': 'keyboard'}",2022-03-20 21:56:44.147266304,39.5709431171,"[1.6994874477386475, 5.061976909637451, 21.84723711013794, 23.978033781051636, 26.116232872009277, 39.22990322113037]",2.138199091,16.7852602005
60,60,0,Apex,"{'move_time': 0.0, 'kill_mode': 'keyboard', 'window_names': ['Apex Legends']}",2022-03-20 21:57:45.274210816,44.9399952888,"[1.678952693939209, 32.00242495536804, 37.62517833709717, 39.68632960319519, 44.60984706878662]",4.9235174656,35.9462256432
61,61,1,Apex,"{'move_time': 0.0, 'kill_mode': 'keyboard', 'window_names': ['Apex Legends']}",2022-03-20 21:58:51.670008320,42.6223936081,"[1.6953177452087402, 30.419642448425293, 35.307000398635864, 37.37292218208313, 42.292272329330444]",4.9193501472,33.6116826534
62,62,2,Apex,"{'move_time': 0.0, 'kill_mode': 'keyboard', 'window_names': ['Apex Legends']}",2022-03-20 21:59:55.773073664,42.6066987514,"[1.6954596042633057, 29.780526876449585, 35.33215117454529, 37.36664533615112, 42.283562660217285]",4.9169173241,33.6366915703
63,63,3,Apex,"{'move_time': 0.0, 'kill_mode': 'keyboard', 'window_names': ['Apex Legends']}",2022-03-20 22:00:59.848044032,42.6157808304,"[1.7221693992614746, 29.72552466392517, 35.33196520805359, 37.38954281806946, 42.285664319992065]",4.8961215019,33.6097958088
64,64,4,Apex,"{'move_time': 0.0, 'kill_mode': 'keyboard', 'window_names': ['Apex Legends']}",2022-03-20 22:02:03.944436480,41.5305001736,"[1.6996896266937256, 30.053830862045288, 34.93358087539673, 36.991957902908325, 41.193373680114746]",4.2014157772,33.2338912487
65,65,5,Apex,"{'move_time': 0.0, 'kill_mode': 'keyboard', 'window_names': ['Apex Legends']}",2022-03-20 22:03:06.942303744,44.7567107677,"[1.7104835510253906, 32.637052059173584, 37.48598837852478, 39.52865028381348, 44.40417671203613]",4.8755264282,35.7755048275
66,66,6,Apex,"{'move_time': 0.0, 'kill_mode': 'keyboard', 'window_names': ['Apex Legends']}",2022-03-20 22:04:13.167213312,43.9715006351,"[1.693488597869873, 30.378484964370728, 35.93825125694275, 37.989933252334595, 43.65126585960388]",5.6613326073,34.2447626591
67,67,7,Apex,"{'move_time': 0.0, 'kill_mode': 'keyboard', 'window_names': ['Apex Legends']}",2022-03-20 22:05:18.647542528,42.4928200245,"[1.703784465789795, 29.651198863983154, 35.2188777923584, 37.24453043937683, 42.15771722793579]",4.9131867886,33.5150933266
68,68,8,Apex,"{'move_time': 0.0, 'kill_mode': 'keyboard', 'window_names': ['Apex Legends']}",2022-03-20 22:06:22.609942528,41.8303601742,"[1.6937189102172852, 30.35182476043701, 35.253995418548584, 37.30708146095276, 41.50420355796814]",4.197122097,33.5602765083
69,69,9,Apex,"{'move_time': 0.0, 'kill_mode': 'keyboard', 'window_names': ['Apex Legends']}",2022-03-20 22:07:25.899990528,42.5822775364,"[1.7100813388824463, 30.414581775665283, 35.31861066818237, 37.35949468612671, 42.24558353424072]",4.8860888481,33.6085293293
70,70,0,CSGO,"{'process_name': ['csgo.exe'], 'move_time': 0.5, 'kill_mode': 'os', 'window_names': ['Counter-Strike: Global Offensive']}",2022-03-20 22:08:29.961966080,56.1307649612,"[1.7216522693634033, 25.970317840576172, 27.99821949005127, 30.019667148590088, 32.02548360824585, 53.757972240448, 55.8068413734436]",21.7324886322,2.0279016495
71,71,1,CSGO,"{'process_name': ['csgo.exe'], 'move_time': 0.5, 'kill_mode': 'os', 'window_names': ['Counter-Strike: Global Offensive']}",2022-03-20 22:09:47.771004416,60.2115259171,"[1.7107698917388916, 21.835805892944336, 23.849875450134277, 25.841958045959473, 27.866699695587158, 57.81877398490906, 59.878790855407715]",29.9520742893,2.0140695572
72,72,2,CSGO,"{'process_name': ['csgo.exe'], 'move_time': 0.5, 'kill_mode': 'os', 'window_names': ['Counter-Strike: Global Offensive']}",2022-03-20 22:11:09.649091072,49.1980998516,"[1.7373237609863281, 22.530593633651733, 24.55831480026245, 26.56181287765503, 28.570165634155273, 46.871113777160645, 48.87527370452881]",18.300948143,2.0277211666
73,73,3,CSGO,"{'process_name': ['csgo.exe'], 'move_time': 0.5, 'kill_mode': 'os', 'window_names': ['Counter-Strike: Global Offensive']}",2022-03-20 22:12:20.489587712,52.7245349884,"[1.7132043838500977, 21.888341903686523, 23.91527485847473, 25.931225061416626, 27.952881336212158, 50.35433340072632, 52.3834924697876]",22.4014520645,2.0269329548
74,74,4,CSGO,"{'process_name': ['csgo.exe'], 'move_time': 0.5, 'kill_mode': 'os', 'window_names': ['Counter-Strike: Global Offensive']}",2022-03-20 22:13:34.825672704,48.2885551453,"[1.7227485179901123, 21.766944646835327, 23.79715919494629, 25.78564691543579, 27.795887231826782, 45.95228576660156, 47.96616530418396]",18.1563985348,2.0302145481
75,75,5,CSGO,"{'process_name': ['csgo.exe'], 'move_time': 0.5, 'kill_mode': 'os', 'window_names': ['Counter-Strike: Global Offensive']}",2022-03-20 22:14:44.735301120,48.3533699512,"[1.7048935890197754, 22.479818105697632, 24.487096309661865, 26.491737365722656, 28.504416465759277, 45.97148251533508, 48.022157430648804]",17.4670660496,2.007278204
76,76,6,CSGO,"{'process_name': ['csgo.exe'], 'move_time': 0.5, 'kill_mode': 'os', 'window_names': ['Counter-Strike: Global Offensive']}",2022-03-20 22:15:54.704624128,54.0574495792,"[1.7106614112854004, 21.797510862350464, 23.799235343933105, 25.790902137756348, 27.781936407089233, 51.68416476249695, 53.72091722488403]",23.9022283554,2.0017244816
77,77,7,CSGO,"{'process_name': ['csgo.exe'], 'move_time': 0.5, 'kill_mode': 'os', 'window_names': ['Counter-Strike: Global Offensive']}",2022-03-20 22:17:10.401431040,51.9870905876,"[1.7148051261901855, 21.836421728134155, 23.879926919937134, 25.89356303215027, 27.90383791923523, 49.63145875930786, 51.65776991844177]",21.7276208401,2.0435051918
78,78,8,CSGO,"{'process_name': ['csgo.exe'], 'move_time': 0.5, 'kill_mode': 'os', 'window_names': ['Counter-Strike: Global Offensive']}",2022-03-20 22:18:24.035142912,53.2894415855,"[1.710752248764038, 22.480656385421753, 24.521777391433716, 26.52719283103943, 28.553845167160034, 50.91605567932129, 52.96186184883118]",22.3622105122,2.041121006
79,79,9,CSGO,"{'process_name': ['csgo.exe'], 'move_time': 0.5, 'kill_mode': 'os', 'window_names': ['Counter-Strike: Global Offensive']}",2022-03-20 22:24:22.548076800,54.7094230652,"[1.7186799049377441, 21.8647723197937, 23.895169973373413, 25.92063617706299, 27.951186180114746, 52.32245326042175, 54.38754487037659]",24.3712670803,2.0303976536
80,80,0,R6,"{'move_time': 0.5, 'kill_mode': 'None', 'window_names': ['Rainbow Six']}",2022-03-20 22:25:39.004522752,192.5462880135,"[1.6886844635009766, 67.12910151481628, 83.47770285606384, 86.44004511833191, 88.15565705299377, 92.43572926521301, 94.14682817459106, 98.44499158859253, 100.20285415649414, 103.17026734352112, 104.8793351650238, 108.04788398742676, 124.50782990455627, 130.32639122009277, 176.4110813140869, 186.25079369544983, 188.0471694469452, 192.54628801345825]",6.0560259819,65.4404170513
81,81,1,R6,"{'move_time': 0.5, 'kill_mode': 'None', 'window_names': ['Rainbow Six']}",2022-03-20 22:29:11.565504512,174.0282349586,"[1.6929233074188232, 49.12162709236145, 63.99983882904053, 66.96207070350647, 68.68513989448547, 72.96458625793457, 74.68047022819519, 78.97561383247375, 80.72050762176514, 83.6648108959198, 85.37273120880127, 88.54199123382568, 105.57866787910461, 111.42447209358215, 157.90585494041443, 167.73147082328796, 169.532084941864, 174.02823495864868]",6.0400373936,47.4287037849
82,82,2,R6,"{'move_time': 0.5, 'kill_mode': 'None', 'window_names': ['Rainbow Six']}",2022-03-20 22:32:25.602395136,175.5913350582,"[1.689206600189209, 49.15597176551819, 66.60778188705444, 69.55329132080078, 71.26145958900452, 75.54172873497009, 77.25292468070984, 81.52973937988281, 83.26364660263062, 86.21404933929443, 87.90097880363464, 91.10345578193665, 107.78048729896545, 113.63399028778076, 159.43027114868164, 169.2883312702179, 171.0793764591217, 175.59133505821228]",6.0107219219,47.4667651653
83,83,3,R6,"{'move_time': 0.5, 'kill_mode': 'None', 'window_names': ['Rainbow Six']}",2022-03-20 22:35:41.203072768,173.3892967701,"[1.6780457496643066, 48.812655448913574, 64.21044754981995, 67.17526817321777, 68.8798668384552, 73.14551734924316, 74.85434150695801, 79.15548348426819, 80.90676069259644, 83.86845636367798, 85.56214022636414, 88.73419547080994, 105.33573842048645, 111.17554497718811, 157.21537947654724, 167.0783085823059, 168.8729522228241, 173.38929677009583]",6.0524191856,47.1346096992
84,84,4,R6,"{'move_time': 0.5, 'kill_mode': 'None', 'window_names': ['Rainbow Six']}",2022-03-20 22:38:54.662175232,173.5432431698,"[1.6774828433990479, 48.82860326766968, 64.21831440925598, 67.16527962684631, 68.88538908958435, 73.16136336326599, 74.86671090126038, 79.17056083679199, 80.90813994407654, 83.86282396316528, 85.5575795173645, 88.72316217422485, 105.44953536987305, 111.29850220680237, 157.40893959999084, 167.25898218154907, 169.0385308265686, 173.54324316978455]",6.0414290428,47.1511204243
85,85,5,R6,"{'move_time': 0.5, 'kill_mode': 'None', 'window_names': ['Rainbow Six']}",2022-03-20 22:42:08.218485504,173.6435139179,"[1.6779742240905762, 48.923646450042725, 64.37984108924866, 67.32329106330872, 69.03144216537476, 73.33872509002686, 75.05521392822266, 79.33669471740723, 81.08008623123169, 84.0492308139801, 85.7585871219635, 88.91403412818909, 105.53363037109375, 111.37574744224548, 157.4679970741272, 167.34292197227478, 169.12351322174072, 173.64351391792297]",6.024872303,47.245672226
86,86,6,R6,"{'move_time': 0.5, 'kill_mode': 'None', 'window_names': ['Rainbow Six']}",2022-03-20 22:45:21.921206784,172.856003046,"[1.6786596775054932, 48.15501022338867, 63.56033492088318, 66.51935052871704, 68.22684812545776, 72.52647614479065, 74.22537684440613, 78.50784850120544, 80.25740504264832, 83.20326972007751, 84.88925623893738, 88.0739860534668, 104.77665424346924, 110.6441912651062, 156.75668358802795, 166.58511090278625, 168.36693572998047, 172.85600304603577]",6.0320281982,46.4763505459
87,87,7,R6,"{'move_time': 0.5, 'kill_mode': 'None', 'window_names': ['Rainbow Six']}",2022-03-20 22:48:34.791474688,173.0821797848,"[1.6780061721801758, 49.275561571121216, 63.96221446990967, 66.91267657279968, 68.63402485847473, 72.91222739219666, 74.60525727272034, 78.89027214050293, 80.62881827354431, 83.57084608078003, 85.26477909088135, 88.46481776237488, 105.08610200881958, 110.9175124168396, 156.9213514328003, 166.79436254501343, 168.58167576789856, 173.08217978477478]",6.0235610008,47.5975553989
88,88,8,R6,"{'move_time': 0.5, 'kill_mode': 'None', 'window_names': ['Rainbow Six']}",2022-03-20 22:51:47.894195200,174.871130228,"[1.6777896881103516, 49.497262477874756, 64.22507095336914, 67.1807930469513, 68.89154934883118, 73.18182563781738, 76.30143404006958, 80.60376477241516, 82.3407096862793, 85.2994134426117, 86.9929027557373, 90.16911935806274, 106.74888849258423, 112.60592222213745, 158.73954033851624, 168.58990263938904, 170.3645589351654, 174.8711302280426]",6.0392756462,47.8194727898
89,89,9,R6,"{'move_time': 0.5, 'kill_mode': 'None', 'window_names': ['Rainbow Six']}",2022-03-20 22:55:02.775163648,173.2925932407,"[1.6779804229736328, 48.0918653011322, 64.20488977432251, 67.15864777565002, 68.85337567329407, 73.1407265663147, 74.84362983703613, 79.13119983673096, 80.87572240829468, 83.83850455284119, 85.52625584602356, 88.71439290046692, 105.32341074943542, 111.17873096466064, 157.1725583076477, 166.99883198738098, 168.77722907066345, 173.29259324073792]",6.0320925713,46.4138848782
90,90,0,Overwatch,"{'move_time': 0.5, 'kill_mode': 'os', 'process_name': ['Overwatch', 'Battle'], 'window_names': ['Battle.net', 'Overwatch']}",2022-03-20 22:58:16.086359040,91.5993585587,"[1.6822154521942139, 9.868446111679077, 23.32133173942566, 25.394600868225098, 27.424875497817993, 29.473070859909058, 91.27668881416321]",67.9553570747,13.4528856277
91,91,1,Overwatch,"{'move_time': 0.5, 'kill_mode': 'os', 'process_name': ['Overwatch', 'Battle'], 'window_names': ['Battle.net', 'Overwatch']}",2022-03-20 23:00:09.563072768,89.7921638489,"[1.6773898601531982, 7.8109986782073975, 17.61495804786682, 19.64214038848877, 21.66815972328186, 23.663042545318604, 89.45708703994751]",71.8421289921,9.8039593697
92,92,2,Overwatch,"{'move_time': 0.5, 'kill_mode': 'os', 'process_name': ['Overwatch', 'Battle'], 'window_names': ['Battle.net', 'Overwatch']}",2022-03-20 23:02:01.305098240,98.6503515244,"[1.6739726066589355, 9.167694568634033, 19.00668501853943, 21.033666610717773, 23.07242226600647, 25.10422706604004, 98.3070330619812]",79.3003480434,9.8389904499
93,93,3,Overwatch,"{'move_time': 0.5, 'kill_mode': 'os', 'process_name': ['Overwatch', 'Battle'], 'window_names': ['Battle.net', 'Overwatch']}",2022-03-20 23:04:01.760083456,128.934882164,"[1.678880214691162, 14.614168882369995, 24.402272701263428, 26.464696168899536, 28.50490140914917, 30.516797065734863, 128.58997654914856]",104.1877038479,9.7881038189
94,94,4,Overwatch,"{'move_time': 0.5, 'kill_mode': 'os', 'process_name': ['Overwatch', 'Battle'], 'window_names': ['Battle.net', 'Overwatch']}",2022-03-20 23:06:32.581021184,78.3526954651,"[1.6762540340423584, 7.811544895172119, 17.616201877593994, 19.6749050617218, 21.698979377746582, 23.71546959877014, 78.01706027984619]",60.4008584023,9.8046569824
95,95,5,Overwatch,"{'move_time': 0.5, 'kill_mode': 'os', 'process_name': ['Overwatch', 'Battle'], 'window_names': ['Battle.net', 'Overwatch']}",2022-03-20 23:08:12.915874560,78.6761026382,"[1.6853504180908203, 14.542417764663696, 23.580265760421753, 25.62716269493103, 27.649340867996216, 29.662837743759155, 78.33598446846008]",54.755718708,9.0378479958
96,96,6,Overwatch,"{'move_time': 0.5, 'kill_mode': 'os', 'process_name': ['Overwatch', 'Battle'], 'window_names': ['Battle.net', 'Overwatch']}",2022-03-20 23:09:53.324261888,68.9227678776,"[1.66062593460083, 7.81936502456665, 17.61703658103943, 19.68588614463806, 21.721442222595215, 23.754410982131958, 68.58664298057556]",50.9696063995,9.7976715565
97,97,7,Overwatch,"{'move_time': 0.5, 'kill_mode': 'os', 'process_name': ['Overwatch', 'Battle'], 'window_names': ['Battle.net', 'Overwatch']}",2022-03-20 23:11:24.077585152,98.6116697788,"[1.6794254779815674, 15.269489765167236, 24.296424388885498, 26.35193157196045, 28.389023065567017, 30.390103340148926, 98.2755696773529]",73.9791452885,9.0269346237
98,98,8,Overwatch,"{'move_time': 0.5, 'kill_mode': 'os', 'process_name': ['Overwatch', 'Battle'], 'window_names': ['Battle.net', 'Overwatch']}",2022-03-20 23:13:24.541214720,108.6052458286,"[1.6791675090789795, 8.47953176498413, 17.602689743041992, 19.64949607849121, 21.671918392181396, 23.671054124832153, 108.25997042655945]",90.6572806835,9.1231579781
99,99,9,Overwatch,"{'move_time': 0.5, 'kill_mode': 'os', 'process_name': ['Overwatch', 'Battle'], 'window_names': ['Battle.net', 'Overwatch']}",2022-03-20 23:15:34.933530624,69.3206348419,"[1.6655480861663818, 7.815734624862671, 17.687942028045654, 19.741564750671387, 21.763450384140015, 23.76270580291748, 68.9979100227356]",51.3099679947,9.8722074032
100,100,0,AssassinCreed,"{'move_time': 0.5, 'kill_mode': 'keyboard', 'window_names': [""Assassin's Creed® Odyssey""]}",2022-03-30 23:06:58.262667520,73.1199958324,"[1.6999785900115967, 25.811213970184326, 33.009493827819824, 40.1745970249176, 43.152753591537476, 44.85511255264282, 53.46030116081238, 72.78392767906189]",19.3236265182,24.1112353802
101,101,1,AssassinCreed,"{'move_time': 0.5, 'kill_mode': 'keyboard', 'window_names': [""Assassin's Creed® Odyssey""]}",2022-03-30 23:08:32.855167744,54.4069421291,"[1.6949069499969482, 24.432873487472534, 31.617711544036865, 38.7935791015625, 41.75341033935547, 43.46046543121338, 51.95478892326355, 54.059576749801636]",2.1047878265,22.7379665375
102,102,2,AssassinCreed,"{'move_time': 0.5, 'kill_mode': 'keyboard', 'window_names': [""Assassin's Creed® Odyssey""]}",2022-03-30 23:09:48.714072576,54.2224125862,"[1.6999022960662842, 24.99580955505371, 32.20779252052307, 39.337778091430664, 42.31250739097595, 44.01337170600891, 51.79410147666931, 53.886218547821045]",2.0921170712,23.295907259
103,103,3,AssassinCreed,"{'move_time': 0.5, 'kill_mode': 'keyboard', 'window_names': [""Assassin's Creed® Odyssey""]}",2022-03-30 23:11:04.385586432,53.650863409,"[1.6949098110198975, 23.57706904411316, 30.77992820739746, 37.90047526359558, 40.85731267929077, 42.564841747283936, 51.21271467208862, 53.31293296813965]",2.1002182961,21.8821592331
104,104,4,AssassinCreed,"{'move_time': 0.5, 'kill_mode': 'keyboard', 'window_names': [""Assassin's Creed® Odyssey""]}",2022-03-30 23:12:19.498108672,55.9527449608,"[1.7004444599151611, 26.055634260177612, 33.24700951576233, 40.38993525505066, 43.37054204940796, 45.06968450546265, 53.53438377380371, 55.6141722202301]",2.0797884464,24.3551898003
105,105,5,AssassinCreed,"{'move_time': 0.5, 'kill_mode': 'keyboard', 'window_names': [""Assassin's Creed® Odyssey""]}",2022-03-30 23:13:36.909763584,55.7879507542,"[1.6948809623718262, 25.711190462112427, 32.916367053985596, 40.03609657287598, 43.018651485443115, 44.7261905670166, 53.35211515426636, 55.46342921257019]",2.1113140583,24.0163094997
106,106,6,AssassinCreed,"{'move_time': 0.5, 'kill_mode': 'keyboard', 'window_names': [""Assassin's Creed® Odyssey""]}",2022-03-30 23:14:54.171866624,54.3917379379,"[1.6956071853637695, 24.30448031425476, 31.51619243621826, 38.687579870224, 41.65460133552551, 43.343467235565186, 51.930025577545166, 54.04964756965637]",2.1196219921,22.6088731289
107,107,7,AssassinCreed,"{'move_time': 0.5, 'kill_mode': 'keyboard', 'window_names': [""Assassin's Creed® Odyssey""]}",2022-03-30 23:16:10.053767168,52.9849448204,"[1.6977169513702393, 22.936078548431396, 30.114524126052856, 37.25196313858032, 40.18926000595093, 41.88543915748596, 50.52407693862915, 52.635901927948]",2.1118249893,21.2383615971
108,108,8,AssassinCreed,"{'move_time': 0.5, 'kill_mode': 'keyboard', 'window_names': [""Assassin's Creed® Odyssey""]}",2022-03-30 23:17:24.506629632,72.5620572567,"[1.6965985298156738, 25.158441066741943, 32.33557963371277, 39.469125747680664, 42.442906618118286, 44.131200075149536, 52.72088670730591, 72.21789264678955]",19.4970059395,23.4618425369
109,109,9,AssassinCreed,"{'move_time': 0.5, 'kill_mode': 'keyboard', 'window_names': [""Assassin's Creed® Odyssey""]}",2022-03-30 23:18:58.526914816,53.5841872692,"[1.6949880123138428, 23.59484076499939, 30.799915552139282, 37.951619148254395, 40.908947229385376, 42.608092069625854, 51.13950204849243, 53.262826442718506]",2.1233243942,21.8998527527
110,110,0,LoL,"{'move_time': 0.0, 'kill_mode': 'keyboard', 'window_names': ['Riot Client Main', 'League of Legends'], 'no_fullscreen': True}",2022-03-30 23:20:13.574450176,81.4657714367,"[1.6947345733642578, 21.90987515449524, 23.94746160507202, 26.047577381134033, 28.04249906539917, 34.891557455062866, 36.559603214263916, 38.58421993255615, 40.59823822975159, 42.59097599983215, 44.36200284957886, 48.20094108581543, 49.89174485206604, 51.89853119850159, 78.1779510974884]",37.579712867736816,22.252727031707764
111,111,1,LoL,"{'move_time': 0.0, 'kill_mode': 'keyboard', 'window_names': ['Riot Client Main', 'League of Legends'], 'no_fullscreen': True}",2022-03-30 23:21:56.517230336,61.0833380222,"[1.71281099319458, 3.7775723934173584, 5.788900375366211, 7.847492694854736, 9.849767208099365, 16.690929174423218, 18.367597579956055, 20.378843784332275, 22.403846263885498, 24.40070080757141, 26.189494848251343, 30.043554544448853, 31.730781078338623, 33.734447717666626, 57.77926158905029]",35.375415325164795,4.076089382171631
112,112,2,LoL,"{'move_time': 0.0, 'kill_mode': 'keyboard', 'window_names': ['Riot Client Main', 'League of Legends'], 'no_fullscreen': True}",2022-03-30 23:23:19.068457984,61.7964267731,"[1.722156286239624, 3.774946451187134, 5.78367805480957, 7.8549158573150635, 9.861758947372437, 16.698757886886597, 18.37733030319214, 20.383837938308716, 22.39584970474243, 24.38110899925232, 26.155693769454956, 30.005221605300903, 31.704037189483643, 33.70108151435852, 58.49992918968201]",36.104079484939575,4.061521768569946
113,113,3,LoL,"{'move_time': 0.0, 'kill_mode': 'keyboard', 'window_names': ['Riot Client Main', 'League of Legends'], 'no_fullscreen': True}",2022-03-30 23:24:42.353696512,60.9924519062,"[1.7053449153900146, 3.7297298908233643, 5.7463672161102295, 7.821044921875, 9.809758186340332, 16.635961532592773, 18.308346271514893, 20.29886817932129, 22.29486107826233, 24.302340745925903, 26.08692479133606, 29.94365620613098, 31.647403478622437, 33.65011787414551, 57.692996978759766]",35.39813590049744,4.041022300720215
114,114,4,LoL,"{'move_time': 0.0, 'kill_mode': 'keyboard', 'window_names': ['Riot Client Main', 'League of Legends'], 'no_fullscreen': True}",2022-03-30 23:26:04.805627904,61.1822488308,"[1.709160566329956, 3.754974603652954, 5.747111797332764, 7.835408449172974, 9.860067129135132, 16.71057152748108, 18.37409543991089, 20.40045928955078, 22.396982192993164, 24.396772861480713, 26.18282127380371, 30.0343918800354, 31.747806072235107, 33.74585509300232, 57.88070559501648]",35.483723402023315,4.037951231002808
115,115,5,LoL,"{'move_time': 0.0, 'kill_mode': 'keyboard', 'window_names': ['Riot Client Main', 'League of Legends'], 'no_fullscreen': True}",2022-03-30 23:27:27.441383168,61.2450714111,"[1.729964017868042, 3.773998975753784, 5.800191164016724, 7.891187906265259, 9.912137269973755, 16.74850344657898, 18.427212238311768, 20.463086366653442, 22.466766595840454, 24.46408748626709, 26.255846977233887, 30.10989761352539, 31.813153982162476, 33.82905077934265, 57.95281147956848]",35.48604488372803,4.070227146148682
116,116,6,LoL,"{'move_time': 0.0, 'kill_mode': 'keyboard', 'window_names': ['Riot Client Main', 'League of Legends'], 'no_fullscreen': True}",2022-03-30 23:28:50.124643584,61.2541904449,"[1.7251060009002686, 3.7690048217773438, 5.795332431793213, 7.850111246109009, 9.856199264526367, 16.697062730789185, 18.37706708908081, 20.395119428634644, 22.391953945159912, 24.38173222541809, 26.167659997940063, 30.02586603164673, 31.730520009994507, 33.74630379676819, 57.96178197860718]",35.569828033447266,4.070226430892944
117,117,7,LoL,"{'move_time': 0.0, 'kill_mode': 'keyboard', 'window_names': ['Riot Client Main', 'League of Legends'], 'no_fullscreen': True}",2022-03-30 23:30:12.838120704,61.1474397182,"[1.7165751457214355, 3.7629234790802, 5.781733751296997, 7.854854583740234, 9.86152982711792, 16.69150710105896, 18.3601131439209, 20.35020661354065, 22.344857692718506, 24.328843355178833, 26.11709189414978, 29.95459532737732, 31.655660390853882, 33.65404438972473, 57.87146544456482]",35.52660775184631,4.0651586055755615
118,118,8,LoL,"{'move_time': 0.0, 'kill_mode': 'keyboard', 'window_names': ['Riot Client Main', 'League of Legends'], 'no_fullscreen': True}",2022-03-30 23:31:35.488200448,61.1862435341,"[1.7133142948150635, 3.7811975479125977, 5.818596124649048, 7.888124227523804, 9.892898321151733, 16.726726770401, 18.409468173980713, 20.43285322189331, 22.42896580696106, 24.429797649383545, 26.230363130569458, 30.076128721237183, 31.766749382019043, 33.772624254226685, 57.882344245910645]",35.453378438949585,4.105281829833984
119,119,9,LoL,"{'move_time': 0.0, 'kill_mode': 'keyboard', 'window_names': ['Riot Client Main', 'League of Legends'], 'no_fullscreen': True}",2022-03-30 23:32:58.111771392,61.2068078518,"[1.7206826210021973, 3.7615551948547363, 5.7603278160095215, 7.8315863609313965, 9.85472297668457, 16.700741052627563, 18.37119698524475, 20.377116680145264, 22.374304056167603, 24.38420605659485, 26.182084560394287, 30.044062852859497, 31.725764751434326, 33.72819375991821, 57.90915632247925]",35.534852266311646,4.039645195007324
